trace_id,account_id,trace_date,trigger_rule,result,new_contact_point_id,cost_inr
ST00001,AC000285,2026-04-13,15_consecutive_failed_contacts,new_phone_found,PH005811,87
ST00002,AC000276,2026-04-15,15_consecutive_failed_contacts,no_new_info,,91
ST00003,AC001982,2026-04-18,15_consecutive_failed_contacts,no_new_info,,108
ST00004,AC002103,2026-04-18,15_consecutive_failed_contacts,new_phone_found,PH005812,109
ST00005,AC002236,2026-04-19,15_consecutive_failed_contacts,no_new_info,,132
ST00006,AC001999,2026-04-20,15_consecutive_failed_contacts,no_new_info,,72
ST00007,AC000555,2026-04-21,15_consecutive_failed_contacts,no_new_info,,135
ST00008,AC000713,2026-04-21,15_consecutive_failed_contacts,no_new_info,,87
ST00009,AC002016,2026-04-21,15_consecutive_failed_contacts,no_new_info,,91
ST00010,AC000253,2026-04-22,15_consecutive_failed_contacts,no_new_info,,142
ST00011,AC000760,2026-04-22,15_consecutive_failed_contacts,no_new_info,,111
ST00012,AC000942,2026-04-22,15_consecutive_failed_contacts,no_new_info,,121
ST00013,AC001393,2026-04-22,15_consecutive_failed_contacts,no_new_info,,69
ST00014,AC000348,2026-04-23,15_consecutive_failed_contacts,new_phone_found,PH005813,118
ST00015,AC000409,2026-04-23,15_consecutive_failed_contacts,new_phone_found,PH005814,64
ST00016,AC000598,2026-04-23,15_consecutive_failed_contacts,no_new_info,,149
ST00017,AC001083,2026-04-23,15_consecutive_failed_contacts,new_address_found,AD003091,129
ST00018,AC001329,2026-04-23,15_consecutive_failed_contacts,no_new_info,,65
ST00019,AC001934,2026-04-23,15_consecutive_failed_contacts,no_new_info,,115
ST00020,AC000178,2026-04-24,15_consecutive_failed_contacts,no_new_info,,128
ST00021,AC000207,2026-04-24,15_consecutive_failed_contacts,no_new_info,,114
ST00022,AC000239,2026-04-24,15_consecutive_failed_contacts,no_new_info,,63
ST00023,AC000289,2026-04-24,15_consecutive_failed_contacts,no_new_info,,123
ST00024,AC000375,2026-04-24,15_consecutive_failed_contacts,no_new_info,,60
ST00025,AC000443,2026-04-24,15_consecutive_failed_contacts,no_new_info,,96
ST00026,AC001748,2026-04-24,15_consecutive_failed_contacts,no_new_info,,105
ST00027,AC001768,2026-04-24,15_consecutive_failed_contacts,new_address_found,AD003092,77
ST00028,AC001985,2026-04-24,15_consecutive_failed_contacts,no_new_info,,148
ST00029,AC002001,2026-04-24,15_consecutive_failed_contacts,no_new_info,,119
ST00030,AC000619,2026-04-25,15_consecutive_failed_contacts,no_new_info,,72
ST00031,AC001134,2026-04-25,15_consecutive_failed_contacts,no_new_info,,131
ST00032,AC001196,2026-04-25,15_consecutive_failed_contacts,new_phone_found,PH005815,108
ST00033,AC001706,2026-04-25,15_consecutive_failed_contacts,no_new_info,,121
ST00034,AC001893,2026-04-25,15_consecutive_failed_contacts,no_new_info,,129
ST00035,AC001983,2026-04-25,15_consecutive_failed_contacts,no_new_info,,143
ST00036,AC002018,2026-04-25,15_consecutive_failed_contacts,no_new_info,,66
ST00037,AC002283,2026-04-25,15_consecutive_failed_contacts,no_new_info,,92
ST00038,AC002324,2026-04-25,15_consecutive_failed_contacts,no_new_info,,67
ST00039,AC000216,2026-04-26,15_consecutive_failed_contacts,no_new_info,,115
ST00040,AC002204,2026-04-26,15_consecutive_failed_contacts,new_phone_found,PH005816,125
ST00041,AC000258,2026-04-27,15_consecutive_failed_contacts,no_new_info,,145
ST00042,AC000317,2026-04-27,15_consecutive_failed_contacts,new_address_found,AD003093,114
ST00043,AC000580,2026-04-27,15_consecutive_failed_contacts,no_new_info,,116
ST00044,AC000905,2026-04-27,15_consecutive_failed_contacts,new_phone_found,PH005817,84
ST00045,AC000967,2026-04-27,15_consecutive_failed_contacts,no_new_info,,119
ST00046,AC001078,2026-04-27,15_consecutive_failed_contacts,new_phone_found,PH005818,110
ST00047,AC001944,2026-04-27,15_consecutive_failed_contacts,no_new_info,,123
ST00048,AC002163,2026-04-27,15_consecutive_failed_contacts,no_new_info,,73
ST00049,AC000538,2026-04-28,15_consecutive_failed_contacts,no_new_info,,115
ST00050,AC000639,2026-04-28,15_consecutive_failed_contacts,no_new_info,,74
ST00051,AC001998,2026-04-28,15_consecutive_failed_contacts,new_phone_found,PH005819,105
ST00052,AC002158,2026-04-28,15_consecutive_failed_contacts,no_new_info,,105
ST00053,AC002240,2026-04-28,15_consecutive_failed_contacts,no_new_info,,128
ST00054,AC000564,2026-04-29,15_consecutive_failed_contacts,no_new_info,,146
ST00055,AC000849,2026-04-29,15_consecutive_failed_contacts,no_new_info,,102
ST00056,AC001029,2026-04-29,15_consecutive_failed_contacts,no_new_info,,89
ST00057,AC001136,2026-04-29,15_consecutive_failed_contacts,no_new_info,,141
ST00058,AC001153,2026-04-29,15_consecutive_failed_contacts,no_new_info,,90
ST00059,AC001405,2026-04-29,15_consecutive_failed_contacts,no_new_info,,79
ST00060,AC001550,2026-04-29,15_consecutive_failed_contacts,no_new_info,,117
ST00061,AC001892,2026-04-29,15_consecutive_failed_contacts,new_phone_found,PH005820,141
ST00062,AC001992,2026-04-29,15_consecutive_failed_contacts,no_new_info,,63
ST00063,AC002017,2026-04-29,15_consecutive_failed_contacts,new_phone_found,PH005821,62
ST00064,AC000725,2026-04-30,15_consecutive_failed_contacts,new_phone_found,PH005822,130
ST00065,AC000842,2026-04-30,15_consecutive_failed_contacts,no_new_info,,75
ST00066,AC000860,2026-04-30,15_consecutive_failed_contacts,no_new_info,,85
ST00067,AC001162,2026-04-30,15_consecutive_failed_contacts,no_new_info,,142
ST00068,AC001192,2026-04-30,15_consecutive_failed_contacts,no_new_info,,142
ST00069,AC001217,2026-04-30,15_consecutive_failed_contacts,new_phone_found,PH005823,97
ST00070,AC001250,2026-04-30,15_consecutive_failed_contacts,no_new_info,,78
ST00071,AC001612,2026-04-30,15_consecutive_failed_contacts,no_new_info,,108
ST00072,AC001981,2026-04-30,15_consecutive_failed_contacts,no_new_info,,73
ST00073,AC002071,2026-04-30,15_consecutive_failed_contacts,new_phone_found,PH005824,106
ST00074,AC002107,2026-04-30,15_consecutive_failed_contacts,no_new_info,,98
ST00075,AC002225,2026-04-30,15_consecutive_failed_contacts,new_address_found,AD003094,127
ST00076,AC002295,2026-04-30,15_consecutive_failed_contacts,no_new_info,,66
ST00077,AC002323,2026-04-30,15_consecutive_failed_contacts,no_new_info,,68
ST00078,AC000077,2026-05-01,15_consecutive_failed_contacts,new_phone_found,PH005825,98
ST00079,AC000139,2026-05-01,15_consecutive_failed_contacts,no_new_info,,118
ST00080,AC000185,2026-05-01,15_consecutive_failed_contacts,no_new_info,,124
ST00081,AC000287,2026-05-01,15_consecutive_failed_contacts,no_new_info,,130
ST00082,AC000773,2026-05-01,15_consecutive_failed_contacts,no_new_info,,120
ST00083,AC000982,2026-05-01,15_consecutive_failed_contacts,no_new_info,,104
ST00084,AC001337,2026-05-01,15_consecutive_failed_contacts,no_new_info,,136
ST00085,AC001574,2026-05-01,15_consecutive_failed_contacts,no_new_info,,118
ST00086,AC001654,2026-05-01,15_consecutive_failed_contacts,new_phone_found,PH005826,77
ST00087,AC001679,2026-05-01,15_consecutive_failed_contacts,no_new_info,,81
ST00088,AC001942,2026-05-01,15_consecutive_failed_contacts,no_new_info,,145
ST00089,AC002091,2026-05-01,15_consecutive_failed_contacts,no_new_info,,60
ST00090,AC002248,2026-05-01,15_consecutive_failed_contacts,no_new_info,,90
ST00091,AC002341,2026-05-01,15_consecutive_failed_contacts,new_address_found,AD003095,108
ST00092,AC000033,2026-05-02,15_consecutive_failed_contacts,no_new_info,,143
ST00093,AC000079,2026-05-02,15_consecutive_failed_contacts,new_phone_found,PH005827,113
ST00094,AC000111,2026-05-02,15_consecutive_failed_contacts,no_new_info,,101
ST00095,AC000197,2026-05-02,15_consecutive_failed_contacts,no_new_info,,80
ST00096,AC000600,2026-05-02,15_consecutive_failed_contacts,no_new_info,,146
ST00097,AC001061,2026-05-02,15_consecutive_failed_contacts,no_new_info,,83
ST00098,AC001439,2026-05-02,15_consecutive_failed_contacts,new_phone_found,PH005828,67
ST00099,AC001541,2026-05-02,15_consecutive_failed_contacts,new_phone_found,PH005829,124
ST00100,AC001617,2026-05-02,15_consecutive_failed_contacts,new_phone_found,PH005830,100
ST00101,AC002129,2026-05-02,15_consecutive_failed_contacts,no_new_info,,116
ST00102,AC002253,2026-05-02,15_consecutive_failed_contacts,no_new_info,,102
ST00103,AC002364,2026-05-02,15_consecutive_failed_contacts,new_phone_found,PH005831,61
ST00104,AC000338,2026-05-03,15_consecutive_failed_contacts,no_new_info,,91
ST00105,AC000612,2026-05-03,15_consecutive_failed_contacts,no_new_info,,79
ST00106,AC001146,2026-05-03,15_consecutive_failed_contacts,no_new_info,,115
ST00107,AC000153,2026-05-04,15_consecutive_failed_contacts,new_phone_found,PH005832,148
ST00108,AC000402,2026-05-04,15_consecutive_failed_contacts,no_new_info,,104
ST00109,AC000596,2026-05-04,15_consecutive_failed_contacts,no_new_info,,100
ST00110,AC000771,2026-05-04,15_consecutive_failed_contacts,no_new_info,,73
ST00111,AC000992,2026-05-04,15_consecutive_failed_contacts,no_new_info,,79
ST00112,AC001424,2026-05-04,15_consecutive_failed_contacts,no_new_info,,81
ST00113,AC001435,2026-05-04,15_consecutive_failed_contacts,no_new_info,,91
ST00114,AC001562,2026-05-04,15_consecutive_failed_contacts,new_phone_found,PH005833,101
ST00115,AC001661,2026-05-04,15_consecutive_failed_contacts,new_phone_found,PH005834,76
ST00116,AC001775,2026-05-04,15_consecutive_failed_contacts,new_phone_found,PH005835,116
ST00117,AC002096,2026-05-04,15_consecutive_failed_contacts,no_new_info,,75
ST00118,AC002369,2026-05-04,15_consecutive_failed_contacts,no_new_info,,68
ST00119,AC000048,2026-05-05,15_consecutive_failed_contacts,no_new_info,,82
ST00120,AC000464,2026-05-05,15_consecutive_failed_contacts,no_new_info,,63
ST00121,AC000487,2026-05-05,15_consecutive_failed_contacts,no_new_info,,81
ST00122,AC000819,2026-05-05,15_consecutive_failed_contacts,no_new_info,,99
ST00123,AC001105,2026-05-05,15_consecutive_failed_contacts,no_new_info,,74
ST00124,AC001376,2026-05-05,15_consecutive_failed_contacts,no_new_info,,141
ST00125,AC001438,2026-05-05,15_consecutive_failed_contacts,no_new_info,,146
ST00126,AC001488,2026-05-05,15_consecutive_failed_contacts,new_phone_found,PH005836,65
ST00127,AC002006,2026-05-05,15_consecutive_failed_contacts,no_new_info,,140
ST00128,AC002056,2026-05-05,15_consecutive_failed_contacts,no_new_info,,125
ST00129,AC002106,2026-05-05,15_consecutive_failed_contacts,new_phone_found,PH005837,140
ST00130,AC002118,2026-05-05,15_consecutive_failed_contacts,no_new_info,,146
ST00131,AC002264,2026-05-05,15_consecutive_failed_contacts,no_new_info,,147
ST00132,AC002318,2026-05-05,15_consecutive_failed_contacts,new_phone_found,PH005838,90
ST00133,AC000337,2026-05-06,15_consecutive_failed_contacts,no_new_info,,88
ST00134,AC000418,2026-05-06,15_consecutive_failed_contacts,no_new_info,,92
ST00135,AC000445,2026-05-06,15_consecutive_failed_contacts,no_new_info,,145
ST00136,AC001205,2026-05-06,15_consecutive_failed_contacts,no_new_info,,104
ST00137,AC001336,2026-05-06,15_consecutive_failed_contacts,no_new_info,,95
ST00138,AC001375,2026-05-06,15_consecutive_failed_contacts,no_new_info,,118
ST00139,AC001437,2026-05-06,15_consecutive_failed_contacts,no_new_info,,87
ST00140,AC001555,2026-05-06,15_consecutive_failed_contacts,new_phone_found,PH005839,146
ST00141,AC001863,2026-05-06,15_consecutive_failed_contacts,no_new_info,,107
ST00142,AC001943,2026-05-06,15_consecutive_failed_contacts,new_phone_found,PH005840,106
ST00143,AC001971,2026-05-06,15_consecutive_failed_contacts,no_new_info,,75
ST00144,AC002077,2026-05-06,15_consecutive_failed_contacts,no_new_info,,122
ST00145,AC002093,2026-05-06,15_consecutive_failed_contacts,no_new_info,,71
ST00146,AC002191,2026-05-06,15_consecutive_failed_contacts,no_new_info,,60
ST00147,AC002192,2026-05-06,15_consecutive_failed_contacts,new_phone_found,PH005841,77
ST00148,AC002359,2026-05-06,15_consecutive_failed_contacts,no_new_info,,80
ST00149,AC000163,2026-05-07,15_consecutive_failed_contacts,no_new_info,,98
ST00150,AC000277,2026-05-07,15_consecutive_failed_contacts,no_new_info,,134
ST00151,AC000310,2026-05-07,15_consecutive_failed_contacts,new_phone_found,PH005842,79
ST00152,AC000438,2026-05-07,15_consecutive_failed_contacts,no_new_info,,128
ST00153,AC000507,2026-05-07,15_consecutive_failed_contacts,no_new_info,,62
ST00154,AC001032,2026-05-07,15_consecutive_failed_contacts,no_new_info,,89
ST00155,AC001035,2026-05-07,15_consecutive_failed_contacts,no_new_info,,63
ST00156,AC001106,2026-05-07,15_consecutive_failed_contacts,no_new_info,,149
ST00157,AC001202,2026-05-07,15_consecutive_failed_contacts,no_new_info,,84
ST00158,AC001486,2026-05-07,15_consecutive_failed_contacts,no_new_info,,100
ST00159,AC001801,2026-05-07,15_consecutive_failed_contacts,new_phone_found,PH005843,90
ST00160,AC001846,2026-05-07,15_consecutive_failed_contacts,no_new_info,,140
ST00161,AC001895,2026-05-07,15_consecutive_failed_contacts,new_phone_found,PH005844,69
ST00162,AC001977,2026-05-07,15_consecutive_failed_contacts,no_new_info,,129
ST00163,AC002272,2026-05-07,15_consecutive_failed_contacts,no_new_info,,127
ST00164,AC000307,2026-05-08,15_consecutive_failed_contacts,new_phone_found,PH005845,60
ST00165,AC000453,2026-05-08,15_consecutive_failed_contacts,no_new_info,,82
ST00166,AC000567,2026-05-08,15_consecutive_failed_contacts,no_new_info,,67
ST00167,AC000673,2026-05-08,15_consecutive_failed_contacts,new_phone_found,PH005846,83
ST00168,AC000828,2026-05-08,15_consecutive_failed_contacts,new_phone_found,PH005847,146
ST00169,AC001355,2026-05-08,15_consecutive_failed_contacts,no_new_info,,69
ST00170,AC001516,2026-05-08,15_consecutive_failed_contacts,no_new_info,,118
ST00171,AC001670,2026-05-08,15_consecutive_failed_contacts,no_new_info,,139
ST00172,AC001731,2026-05-08,15_consecutive_failed_contacts,no_new_info,,132
ST00173,AC001920,2026-05-08,15_consecutive_failed_contacts,no_new_info,,86
ST00174,AC002137,2026-05-08,15_consecutive_failed_contacts,new_phone_found,PH005848,79
ST00175,AC002294,2026-05-08,15_consecutive_failed_contacts,no_new_info,,65
ST00176,AC002322,2026-05-08,15_consecutive_failed_contacts,new_phone_found,PH005849,135
ST00177,AC000292,2026-05-09,15_consecutive_failed_contacts,no_new_info,,81
ST00178,AC000306,2026-05-09,15_consecutive_failed_contacts,no_new_info,,120
ST00179,AC000324,2026-05-09,15_consecutive_failed_contacts,no_new_info,,93
ST00180,AC000446,2026-05-09,15_consecutive_failed_contacts,new_phone_found,PH005850,143
ST00181,AC000624,2026-05-09,15_consecutive_failed_contacts,no_new_info,,71
ST00182,AC000803,2026-05-09,15_consecutive_failed_contacts,no_new_info,,61
ST00183,AC000891,2026-05-09,15_consecutive_failed_contacts,no_new_info,,139
ST00184,AC001042,2026-05-09,15_consecutive_failed_contacts,no_new_info,,100
ST00185,AC001226,2026-05-09,15_consecutive_failed_contacts,new_phone_found,PH005851,92
ST00186,AC001298,2026-05-09,15_consecutive_failed_contacts,no_new_info,,116
ST00187,AC001586,2026-05-09,15_consecutive_failed_contacts,no_new_info,,149
ST00188,AC001657,2026-05-09,15_consecutive_failed_contacts,no_new_info,,149
ST00189,AC001815,2026-05-09,15_consecutive_failed_contacts,no_new_info,,85
ST00190,AC001941,2026-05-09,15_consecutive_failed_contacts,no_new_info,,102
ST00191,AC002285,2026-05-09,15_consecutive_failed_contacts,new_phone_found,PH005852,92
ST00192,AC000312,2026-05-10,15_consecutive_failed_contacts,no_new_info,,136
ST00193,AC000325,2026-05-10,15_consecutive_failed_contacts,no_new_info,,101
ST00194,AC001013,2026-05-10,15_consecutive_failed_contacts,new_address_found,AD003096,126
ST00195,AC001955,2026-05-10,15_consecutive_failed_contacts,no_new_info,,128
ST00196,AC002313,2026-05-10,15_consecutive_failed_contacts,no_new_info,,98
ST00197,AC000135,2026-05-11,15_consecutive_failed_contacts,new_phone_found,PH005853,92
ST00198,AC000260,2026-05-11,15_consecutive_failed_contacts,no_new_info,,96
ST00199,AC000472,2026-05-11,15_consecutive_failed_contacts,no_new_info,,62
ST00200,AC000516,2026-05-11,15_consecutive_failed_contacts,no_new_info,,81
ST00201,AC000581,2026-05-11,15_consecutive_failed_contacts,no_new_info,,130
ST00202,AC000756,2026-05-11,15_consecutive_failed_contacts,no_new_info,,127
ST00203,AC000799,2026-05-11,15_consecutive_failed_contacts,no_new_info,,68
ST00204,AC000934,2026-05-11,15_consecutive_failed_contacts,new_phone_found,PH005854,69
ST00205,AC001073,2026-05-11,15_consecutive_failed_contacts,no_new_info,,67
ST00206,AC001093,2026-05-11,15_consecutive_failed_contacts,no_new_info,,98
ST00207,AC001313,2026-05-11,15_consecutive_failed_contacts,no_new_info,,99
ST00208,AC001563,2026-05-11,15_consecutive_failed_contacts,no_new_info,,119
ST00209,AC001608,2026-05-11,15_consecutive_failed_contacts,no_new_info,,112
ST00210,AC001726,2026-05-11,15_consecutive_failed_contacts,no_new_info,,63
ST00211,AC001867,2026-05-11,15_consecutive_failed_contacts,new_phone_found,PH005855,90
ST00212,AC001898,2026-05-11,15_consecutive_failed_contacts,new_phone_found,PH005856,91
ST00213,AC002132,2026-05-11,15_consecutive_failed_contacts,no_new_info,,131
ST00214,AC002187,2026-05-11,15_consecutive_failed_contacts,no_new_info,,99
ST00215,AC002268,2026-05-11,15_consecutive_failed_contacts,no_new_info,,108
ST00216,AC002373,2026-05-11,15_consecutive_failed_contacts,no_new_info,,91
ST00217,AC000535,2026-05-12,15_consecutive_failed_contacts,no_new_info,,69
ST00218,AC000801,2026-05-12,15_consecutive_failed_contacts,no_new_info,,148
ST00219,AC001300,2026-05-12,15_consecutive_failed_contacts,no_new_info,,120
ST00220,AC001647,2026-05-12,15_consecutive_failed_contacts,no_new_info,,72
ST00221,AC001727,2026-05-12,15_consecutive_failed_contacts,no_new_info,,60
ST00222,AC001813,2026-05-12,15_consecutive_failed_contacts,no_new_info,,91
ST00223,AC001864,2026-05-12,15_consecutive_failed_contacts,no_new_info,,132
ST00224,AC002026,2026-05-12,15_consecutive_failed_contacts,no_new_info,,65
ST00225,AC002108,2026-05-12,15_consecutive_failed_contacts,new_phone_found,PH005857,98
ST00226,AC000505,2026-05-13,15_consecutive_failed_contacts,no_new_info,,88
ST00227,AC000781,2026-05-13,15_consecutive_failed_contacts,no_new_info,,132
ST00228,AC000923,2026-05-13,15_consecutive_failed_contacts,no_new_info,,80
ST00229,AC000984,2026-05-13,15_consecutive_failed_contacts,no_new_info,,102
ST00230,AC001030,2026-05-13,15_consecutive_failed_contacts,new_phone_found,PH005858,102
ST00231,AC001203,2026-05-13,15_consecutive_failed_contacts,new_phone_found,PH005859,74
ST00232,AC001266,2026-05-13,15_consecutive_failed_contacts,no_new_info,,80
ST00233,AC001386,2026-05-13,15_consecutive_failed_contacts,no_new_info,,148
ST00234,AC001660,2026-05-13,15_consecutive_failed_contacts,no_new_info,,105
ST00235,AC001772,2026-05-13,15_consecutive_failed_contacts,no_new_info,,82
ST00236,AC002252,2026-05-13,15_consecutive_failed_contacts,no_new_info,,116
ST00237,AC002351,2026-05-13,15_consecutive_failed_contacts,no_new_info,,68
ST00238,AC002375,2026-05-13,15_consecutive_failed_contacts,new_phone_found,PH005860,97
ST00239,AC000025,2026-05-14,15_consecutive_failed_contacts,new_phone_found,PH005861,118
ST00240,AC000217,2026-05-14,15_consecutive_failed_contacts,no_new_info,,60
ST00241,AC000220,2026-05-14,15_consecutive_failed_contacts,no_new_info,,110
ST00242,AC000225,2026-05-14,15_consecutive_failed_contacts,no_new_info,,113
ST00243,AC000359,2026-05-14,15_consecutive_failed_contacts,no_new_info,,110
ST00244,AC000391,2026-05-14,15_consecutive_failed_contacts,no_new_info,,93
ST00245,AC000401,2026-05-14,15_consecutive_failed_contacts,new_phone_found,PH005862,66
ST00246,AC000593,2026-05-14,15_consecutive_failed_contacts,no_new_info,,136
ST00247,AC000668,2026-05-14,15_consecutive_failed_contacts,no_new_info,,143
ST00248,AC000972,2026-05-14,15_consecutive_failed_contacts,no_new_info,,111
ST00249,AC001343,2026-05-14,15_consecutive_failed_contacts,no_new_info,,150
ST00250,AC001425,2026-05-14,15_consecutive_failed_contacts,no_new_info,,123
ST00251,AC001444,2026-05-14,15_consecutive_failed_contacts,no_new_info,,88
ST00252,AC001560,2026-05-14,15_consecutive_failed_contacts,no_new_info,,93
ST00253,AC001624,2026-05-14,15_consecutive_failed_contacts,new_phone_found,PH005863,137
ST00254,AC001673,2026-05-14,15_consecutive_failed_contacts,no_new_info,,105
ST00255,AC001810,2026-05-14,15_consecutive_failed_contacts,no_new_info,,113
ST00256,AC001833,2026-05-14,15_consecutive_failed_contacts,no_new_info,,98
ST00257,AC002048,2026-05-14,15_consecutive_failed_contacts,no_new_info,,135
ST00258,AC002076,2026-05-14,15_consecutive_failed_contacts,no_new_info,,132
ST00259,AC002186,2026-05-14,15_consecutive_failed_contacts,no_new_info,,121
ST00260,AC002367,2026-05-14,15_consecutive_failed_contacts,no_new_info,,149
ST00261,AC000012,2026-05-15,15_consecutive_failed_contacts,no_new_info,,141
ST00262,AC000265,2026-05-15,15_consecutive_failed_contacts,no_new_info,,83
ST00263,AC000364,2026-05-15,15_consecutive_failed_contacts,no_new_info,,142
ST00264,AC000395,2026-05-15,15_consecutive_failed_contacts,no_new_info,,137
ST00265,AC000407,2026-05-15,15_consecutive_failed_contacts,no_new_info,,95
ST00266,AC000494,2026-05-15,15_consecutive_failed_contacts,no_new_info,,146
ST00267,AC000556,2026-05-15,15_consecutive_failed_contacts,no_new_info,,73
ST00268,AC000579,2026-05-15,15_consecutive_failed_contacts,no_new_info,,105
ST00269,AC000742,2026-05-15,15_consecutive_failed_contacts,no_new_info,,92
ST00270,AC000820,2026-05-15,15_consecutive_failed_contacts,no_new_info,,81
ST00271,AC001033,2026-05-15,15_consecutive_failed_contacts,no_new_info,,79
ST00272,AC001464,2026-05-15,15_consecutive_failed_contacts,new_phone_found,PH005864,130
ST00273,AC001546,2026-05-15,15_consecutive_failed_contacts,new_phone_found,PH005865,99
ST00274,AC001757,2026-05-15,15_consecutive_failed_contacts,no_new_info,,88
ST00275,AC002326,2026-05-15,15_consecutive_failed_contacts,no_new_info,,143
ST00276,AC000176,2026-05-16,15_consecutive_failed_contacts,no_new_info,,75
ST00277,AC000267,2026-05-16,15_consecutive_failed_contacts,new_phone_found,PH005866,145
ST00278,AC001167,2026-05-16,15_consecutive_failed_contacts,no_new_info,,148
ST00279,AC001577,2026-05-16,15_consecutive_failed_contacts,no_new_info,,135
ST00280,AC001746,2026-05-16,15_consecutive_failed_contacts,new_phone_found,PH005867,60
ST00281,AC001752,2026-05-16,15_consecutive_failed_contacts,no_new_info,,130
ST00282,AC002286,2026-05-16,15_consecutive_failed_contacts,no_new_info,,72
ST00283,AC000345,2026-05-17,15_consecutive_failed_contacts,no_new_info,,89
ST00284,AC000654,2026-05-17,15_consecutive_failed_contacts,no_new_info,,104
ST00285,AC000928,2026-05-17,15_consecutive_failed_contacts,new_phone_found,PH005868,67
ST00286,AC001024,2026-05-17,15_consecutive_failed_contacts,no_new_info,,67
ST00287,AC002170,2026-05-17,15_consecutive_failed_contacts,no_new_info,,146
ST00288,AC000330,2026-05-18,15_consecutive_failed_contacts,no_new_info,,61
ST00289,AC000398,2026-05-18,15_consecutive_failed_contacts,no_new_info,,65
ST00290,AC000419,2026-05-18,15_consecutive_failed_contacts,new_phone_found,PH005869,63
ST00291,AC000599,2026-05-18,15_consecutive_failed_contacts,no_new_info,,72
ST00292,AC000607,2026-05-18,15_consecutive_failed_contacts,no_new_info,,93
ST00293,AC000672,2026-05-18,15_consecutive_failed_contacts,no_new_info,,133
ST00294,AC000885,2026-05-18,15_consecutive_failed_contacts,no_new_info,,76
ST00295,AC000933,2026-05-18,15_consecutive_failed_contacts,no_new_info,,82
ST00296,AC001122,2026-05-18,15_consecutive_failed_contacts,no_new_info,,118
ST00297,AC001149,2026-05-18,15_consecutive_failed_contacts,no_new_info,,148
ST00298,AC001419,2026-05-18,15_consecutive_failed_contacts,no_new_info,,146
ST00299,AC001565,2026-05-18,15_consecutive_failed_contacts,no_new_info,,141
ST00300,AC001786,2026-05-18,15_consecutive_failed_contacts,no_new_info,,90
ST00301,AC001851,2026-05-18,15_consecutive_failed_contacts,no_new_info,,128
ST00302,AC001949,2026-05-18,15_consecutive_failed_contacts,new_phone_found,PH005870,150
ST00303,AC002040,2026-05-18,15_consecutive_failed_contacts,new_phone_found,PH005871,138
ST00304,AC002399,2026-05-18,15_consecutive_failed_contacts,no_new_info,,150
ST00305,AC000121,2026-05-19,15_consecutive_failed_contacts,no_new_info,,86
ST00306,AC000152,2026-05-19,15_consecutive_failed_contacts,new_phone_found,PH005872,75
ST00307,AC000156,2026-05-19,15_consecutive_failed_contacts,no_new_info,,120
ST00308,AC000196,2026-05-19,15_consecutive_failed_contacts,new_phone_found,PH005873,115
ST00309,AC000692,2026-05-19,15_consecutive_failed_contacts,no_new_info,,98
ST00310,AC001085,2026-05-19,15_consecutive_failed_contacts,no_new_info,,69
ST00311,AC001191,2026-05-19,15_consecutive_failed_contacts,new_address_found,AD003097,80
ST00312,AC001236,2026-05-19,15_consecutive_failed_contacts,no_new_info,,89
ST00313,AC001314,2026-05-19,15_consecutive_failed_contacts,no_new_info,,137
ST00314,AC001364,2026-05-19,15_consecutive_failed_contacts,no_new_info,,115
ST00315,AC001426,2026-05-19,15_consecutive_failed_contacts,no_new_info,,114
ST00316,AC001558,2026-05-19,15_consecutive_failed_contacts,new_phone_found,PH005874,134
ST00317,AC001724,2026-05-19,15_consecutive_failed_contacts,no_new_info,,86
ST00318,AC001964,2026-05-19,15_consecutive_failed_contacts,new_phone_found,PH005875,149
ST00319,AC002168,2026-05-19,15_consecutive_failed_contacts,no_new_info,,129
ST00320,AC002236,2026-05-19,15_consecutive_failed_contacts,no_new_info,,123
ST00321,AC002320,2026-05-19,15_consecutive_failed_contacts,no_new_info,,144
ST00322,AC000208,2026-05-20,15_consecutive_failed_contacts,no_new_info,,123
ST00323,AC000712,2026-05-20,15_consecutive_failed_contacts,new_phone_found,PH005876,103
ST00324,AC000892,2026-05-20,15_consecutive_failed_contacts,no_new_info,,149
ST00325,AC001113,2026-05-20,15_consecutive_failed_contacts,no_new_info,,100
ST00326,AC001140,2026-05-20,15_consecutive_failed_contacts,no_new_info,,115
ST00327,AC001245,2026-05-20,15_consecutive_failed_contacts,new_phone_found,PH005877,144
ST00328,AC001529,2026-05-20,15_consecutive_failed_contacts,new_address_found,AD003098,114
ST00329,AC001604,2026-05-20,15_consecutive_failed_contacts,no_new_info,,122
ST00330,AC001676,2026-05-20,15_consecutive_failed_contacts,no_new_info,,114
ST00331,AC001842,2026-05-20,15_consecutive_failed_contacts,no_new_info,,84
ST00332,AC002005,2026-05-20,15_consecutive_failed_contacts,no_new_info,,118
ST00333,AC002010,2026-05-20,15_consecutive_failed_contacts,no_new_info,,131
ST00334,AC002053,2026-05-20,15_consecutive_failed_contacts,new_phone_found,PH005878,104
ST00335,AC002061,2026-05-20,15_consecutive_failed_contacts,no_new_info,,148
ST00336,AC000343,2026-05-21,15_consecutive_failed_contacts,new_phone_found,PH005879,111
ST00337,AC000747,2026-05-21,15_consecutive_failed_contacts,new_phone_found,PH005880,83
ST00338,AC000969,2026-05-21,15_consecutive_failed_contacts,no_new_info,,64
ST00339,AC001316,2026-05-21,15_consecutive_failed_contacts,no_new_info,,108
ST00340,AC001570,2026-05-21,15_consecutive_failed_contacts,new_phone_found,PH005881,79
ST00341,AC001872,2026-05-21,15_consecutive_failed_contacts,no_new_info,,89
ST00342,AC001897,2026-05-21,15_consecutive_failed_contacts,no_new_info,,108
ST00343,AC001903,2026-05-21,15_consecutive_failed_contacts,no_new_info,,124
ST00344,AC002368,2026-05-21,15_consecutive_failed_contacts,no_new_info,,93
ST00345,AC000063,2026-05-22,15_consecutive_failed_contacts,no_new_info,,108
ST00346,AC000073,2026-05-22,15_consecutive_failed_contacts,no_new_info,,116
ST00347,AC000285,2026-05-22,15_consecutive_failed_contacts,no_new_info,,115
ST00348,AC000572,2026-05-22,15_consecutive_failed_contacts,no_new_info,,98
ST00349,AC000760,2026-05-22,15_consecutive_failed_contacts,no_new_info,,123
ST00350,AC001102,2026-05-22,15_consecutive_failed_contacts,new_phone_found,PH005882,108
ST00351,AC001951,2026-05-22,15_consecutive_failed_contacts,no_new_info,,81
ST00352,AC001987,2026-05-22,15_consecutive_failed_contacts,no_new_info,,91
ST00353,AC002097,2026-05-22,15_consecutive_failed_contacts,no_new_info,,142
ST00354,AC000276,2026-05-23,15_consecutive_failed_contacts,no_new_info,,66
ST00355,AC000477,2026-05-23,15_consecutive_failed_contacts,no_new_info,,86
ST00356,AC000598,2026-05-23,15_consecutive_failed_contacts,no_new_info,,124
ST00357,AC001331,2026-05-23,15_consecutive_failed_contacts,no_new_info,,84
ST00358,AC001433,2026-05-23,15_consecutive_failed_contacts,new_phone_found,PH005883,70
ST00359,AC001534,2026-05-23,15_consecutive_failed_contacts,no_new_info,,100
ST00360,AC002062,2026-05-23,15_consecutive_failed_contacts,no_new_info,,64
ST00361,AC002095,2026-05-23,15_consecutive_failed_contacts,no_new_info,,78
ST00362,AC000143,2026-05-24,15_consecutive_failed_contacts,no_new_info,,135
ST00363,AC000289,2026-05-24,15_consecutive_failed_contacts,no_new_info,,65
ST00364,AC001408,2026-05-24,15_consecutive_failed_contacts,new_address_found,AD003099,74
ST00365,AC001748,2026-05-24,15_consecutive_failed_contacts,new_address_found,AD003100,72
ST00366,AC001768,2026-05-24,15_consecutive_failed_contacts,new_phone_found,PH005884,122
ST00367,AC001985,2026-05-24,15_consecutive_failed_contacts,no_new_info,,98
ST00368,AC002001,2026-05-24,15_consecutive_failed_contacts,no_new_info,,121
ST00369,AC002075,2026-05-24,15_consecutive_failed_contacts,no_new_info,,67
ST00370,AC002345,2026-05-24,15_consecutive_failed_contacts,new_phone_found,PH005885,103
ST00371,AC000108,2026-05-25,15_consecutive_failed_contacts,new_phone_found,PH005886,106
ST00372,AC000273,2026-05-25,15_consecutive_failed_contacts,new_phone_found,PH005887,72
ST00373,AC000614,2026-05-25,15_consecutive_failed_contacts,no_new_info,,141
ST00374,AC001134,2026-05-25,15_consecutive_failed_contacts,no_new_info,,68
ST00375,AC001394,2026-05-25,15_consecutive_failed_contacts,no_new_info,,137
ST00376,AC001601,2026-05-25,15_consecutive_failed_contacts,no_new_info,,75
ST00377,AC001706,2026-05-25,15_consecutive_failed_contacts,no_new_info,,118
ST00378,AC001808,2026-05-25,15_consecutive_failed_contacts,new_phone_found,PH005888,122
ST00379,AC001924,2026-05-25,15_consecutive_failed_contacts,no_new_info,,78
ST00380,AC001983,2026-05-25,15_consecutive_failed_contacts,no_new_info,,91
ST00381,AC002101,2026-05-25,15_consecutive_failed_contacts,no_new_info,,79
ST00382,AC002205,2026-05-25,15_consecutive_failed_contacts,no_new_info,,105
ST00383,AC000036,2026-05-26,15_consecutive_failed_contacts,no_new_info,,119
ST00384,AC000200,2026-05-26,15_consecutive_failed_contacts,no_new_info,,145
ST00385,AC001065,2026-05-26,15_consecutive_failed_contacts,no_new_info,,133
ST00386,AC001220,2026-05-26,15_consecutive_failed_contacts,no_new_info,,103
ST00387,AC001505,2026-05-26,15_consecutive_failed_contacts,no_new_info,,76
ST00388,AC001587,2026-05-26,15_consecutive_failed_contacts,no_new_info,,147
ST00389,AC001755,2026-05-26,15_consecutive_failed_contacts,no_new_info,,78
ST00390,AC001764,2026-05-26,15_consecutive_failed_contacts,no_new_info,,64
ST00391,AC001787,2026-05-26,15_consecutive_failed_contacts,no_new_info,,76
ST00392,AC001912,2026-05-26,15_consecutive_failed_contacts,no_new_info,,88
ST00393,AC000232,2026-05-27,15_consecutive_failed_contacts,new_address_found,AD003101,84
ST00394,AC000385,2026-05-27,15_consecutive_failed_contacts,no_new_info,,96
ST00395,AC000597,2026-05-27,15_consecutive_failed_contacts,new_phone_found,PH005889,124
ST00396,AC000729,2026-05-27,15_consecutive_failed_contacts,no_new_info,,63
ST00397,AC000814,2026-05-27,15_consecutive_failed_contacts,no_new_info,,143
ST00398,AC000830,2026-05-27,15_consecutive_failed_contacts,no_new_info,,111
ST00399,AC000886,2026-05-27,15_consecutive_failed_contacts,no_new_info,,110
ST00400,AC001055,2026-05-27,15_consecutive_failed_contacts,new_phone_found,PH005890,97
ST00401,AC001132,2026-05-27,15_consecutive_failed_contacts,new_phone_found,PH005891,103
ST00402,AC001145,2026-05-27,15_consecutive_failed_contacts,no_new_info,,83
ST00403,AC001699,2026-05-27,15_consecutive_failed_contacts,new_phone_found,PH005892,95
ST00404,AC001883,2026-05-27,15_consecutive_failed_contacts,no_new_info,,61
ST00405,AC001944,2026-05-27,15_consecutive_failed_contacts,no_new_info,,127
ST00406,AC002081,2026-05-27,15_consecutive_failed_contacts,no_new_info,,78
ST00407,AC002133,2026-05-27,15_consecutive_failed_contacts,no_new_info,,140
ST00408,AC002163,2026-05-27,15_consecutive_failed_contacts,no_new_info,,149
ST00409,AC002234,2026-05-27,15_consecutive_failed_contacts,new_phone_found,PH005893,70
ST00410,AC002329,2026-05-27,15_consecutive_failed_contacts,no_new_info,,120
ST00411,AC000072,2026-05-28,15_consecutive_failed_contacts,no_new_info,,111
ST00412,AC000538,2026-05-28,15_consecutive_failed_contacts,no_new_info,,107
ST00413,AC000541,2026-05-28,15_consecutive_failed_contacts,no_new_info,,148
ST00414,AC000787,2026-05-28,15_consecutive_failed_contacts,no_new_info,,86
ST00415,AC000832,2026-05-28,15_consecutive_failed_contacts,no_new_info,,134
ST00416,AC001399,2026-05-28,15_consecutive_failed_contacts,no_new_info,,74
ST00417,AC001790,2026-05-28,15_consecutive_failed_contacts,no_new_info,,148
ST00418,AC001940,2026-05-28,15_consecutive_failed_contacts,new_phone_found,PH005894,118
ST00419,AC002240,2026-05-28,15_consecutive_failed_contacts,new_phone_found,PH005895,68
ST00420,AC000118,2026-05-29,15_consecutive_failed_contacts,new_phone_found,PH005896,91
ST00421,AC000162,2026-05-29,15_consecutive_failed_contacts,no_new_info,,68
ST00422,AC000186,2026-05-29,15_consecutive_failed_contacts,no_new_info,,109
ST00423,AC000239,2026-05-29,15_consecutive_failed_contacts,new_phone_found,PH005897,148
ST00424,AC000284,2026-05-29,15_consecutive_failed_contacts,no_new_info,,111
ST00425,AC000515,2026-05-29,15_consecutive_failed_contacts,no_new_info,,146
ST00426,AC000522,2026-05-29,15_consecutive_failed_contacts,no_new_info,,115
ST00427,AC000564,2026-05-29,15_consecutive_failed_contacts,no_new_info,,147
ST00428,AC000584,2026-05-29,15_consecutive_failed_contacts,no_new_info,,104
ST00429,AC000796,2026-05-29,15_consecutive_failed_contacts,new_phone_found,PH005898,61
ST00430,AC000815,2026-05-29,15_consecutive_failed_contacts,no_new_info,,81
ST00431,AC000981,2026-05-29,15_consecutive_failed_contacts,new_phone_found,PH005899,93
ST00432,AC001014,2026-05-29,15_consecutive_failed_contacts,no_new_info,,101
ST00433,AC001029,2026-05-29,15_consecutive_failed_contacts,no_new_info,,91
ST00434,AC001069,2026-05-29,15_consecutive_failed_contacts,no_new_info,,108
ST00435,AC001161,2026-05-29,15_consecutive_failed_contacts,new_phone_found,PH005900,100
ST00436,AC001183,2026-05-29,15_consecutive_failed_contacts,no_new_info,,94
ST00437,AC001232,2026-05-29,15_consecutive_failed_contacts,new_address_found,AD003102,65
ST00438,AC001430,2026-05-29,15_consecutive_failed_contacts,no_new_info,,85
ST00439,AC001506,2026-05-29,15_consecutive_failed_contacts,no_new_info,,132
ST00440,AC001550,2026-05-29,15_consecutive_failed_contacts,no_new_info,,83
ST00441,AC001947,2026-05-29,15_consecutive_failed_contacts,no_new_info,,98
ST00442,AC002148,2026-05-29,15_consecutive_failed_contacts,new_phone_found,PH005901,147
ST00443,AC000440,2026-05-30,15_consecutive_failed_contacts,no_new_info,,61
ST00444,AC000462,2026-05-30,15_consecutive_failed_contacts,no_new_info,,66
ST00445,AC000504,2026-05-30,15_consecutive_failed_contacts,no_new_info,,76
ST00446,AC000682,2026-05-30,15_consecutive_failed_contacts,new_phone_found,PH005902,88
ST00447,AC000686,2026-05-30,15_consecutive_failed_contacts,no_new_info,,69
ST00448,AC001007,2026-05-30,15_consecutive_failed_contacts,no_new_info,,83
ST00449,AC001031,2026-05-30,15_consecutive_failed_contacts,no_new_info,,62
ST00450,AC001111,2026-05-30,15_consecutive_failed_contacts,no_new_info,,141
ST00451,AC001162,2026-05-30,15_consecutive_failed_contacts,new_address_found,AD003103,69
ST00452,AC001353,2026-05-30,15_consecutive_failed_contacts,new_phone_found,PH005903,135
ST00453,AC001480,2026-05-30,15_consecutive_failed_contacts,no_new_info,,146
ST00454,AC001882,2026-05-30,15_consecutive_failed_contacts,new_address_found,AD003104,95
ST00455,AC002042,2026-05-30,15_consecutive_failed_contacts,no_new_info,,146
ST00456,AC002059,2026-05-30,15_consecutive_failed_contacts,no_new_info,,124
ST00457,AC002092,2026-05-30,15_consecutive_failed_contacts,new_phone_found,PH005904,91
ST00458,AC000185,2026-05-31,15_consecutive_failed_contacts,no_new_info,,97
ST00459,AC000773,2026-05-31,15_consecutive_failed_contacts,no_new_info,,94
ST00460,AC001332,2026-05-31,15_consecutive_failed_contacts,no_new_info,,113
ST00461,AC001654,2026-05-31,15_consecutive_failed_contacts,new_phone_found,PH005905,124
ST00462,AC002248,2026-05-31,15_consecutive_failed_contacts,no_new_info,,120
ST00463,AC000033,2026-06-01,15_consecutive_failed_contacts,no_new_info,,142
ST00464,AC000146,2026-06-01,15_consecutive_failed_contacts,no_new_info,,88
ST00465,AC000197,2026-06-01,15_consecutive_failed_contacts,no_new_info,,63
ST00466,AC000684,2026-06-01,15_consecutive_failed_contacts,no_new_info,,75
ST00467,AC000935,2026-06-01,15_consecutive_failed_contacts,no_new_info,,150
ST00468,AC001023,2026-06-01,15_consecutive_failed_contacts,no_new_info,,132
ST00469,AC001061,2026-06-01,15_consecutive_failed_contacts,no_new_info,,105
ST00470,AC001373,2026-06-01,15_consecutive_failed_contacts,new_address_found,AD003105,77
ST00471,AC002178,2026-06-01,15_consecutive_failed_contacts,no_new_info,,65
ST00472,AC002255,2026-06-01,15_consecutive_failed_contacts,no_new_info,,129
ST00473,AC002276,2026-06-01,15_consecutive_failed_contacts,no_new_info,,105
ST00474,AC002288,2026-06-01,15_consecutive_failed_contacts,new_address_found,AD003106,68
ST00475,AC000279,2026-06-02,15_consecutive_failed_contacts,no_new_info,,97
ST00476,AC000317,2026-06-02,15_consecutive_failed_contacts,no_new_info,,76
ST00477,AC000338,2026-06-02,15_consecutive_failed_contacts,no_new_info,,70
ST00478,AC000465,2026-06-02,15_consecutive_failed_contacts,no_new_info,,75
ST00479,AC000841,2026-06-02,15_consecutive_failed_contacts,no_new_info,,96
ST00480,AC000921,2026-06-02,15_consecutive_failed_contacts,no_new_info,,110
ST00481,AC001109,2026-06-02,15_consecutive_failed_contacts,no_new_info,,142
ST00482,AC001306,2026-06-02,15_consecutive_failed_contacts,no_new_info,,149
ST00483,AC001421,2026-06-02,15_consecutive_failed_contacts,no_new_info,,96
ST00484,AC001584,2026-06-02,15_consecutive_failed_contacts,no_new_info,,62
ST00485,AC002049,2026-06-02,15_consecutive_failed_contacts,no_new_info,,69
ST00486,AC002050,2026-06-02,15_consecutive_failed_contacts,no_new_info,,110
ST00487,AC002343,2026-06-02,15_consecutive_failed_contacts,no_new_info,,134
ST00488,AC002363,2026-06-02,15_consecutive_failed_contacts,no_new_info,,147
ST00489,AC000154,2026-06-03,15_consecutive_failed_contacts,new_phone_found,PH005906,132
ST00490,AC000295,2026-06-03,15_consecutive_failed_contacts,no_new_info,,141
ST00491,AC000351,2026-06-03,15_consecutive_failed_contacts,no_new_info,,135
ST00492,AC000470,2026-06-03,15_consecutive_failed_contacts,no_new_info,,98
ST00493,AC000596,2026-06-03,15_consecutive_failed_contacts,new_phone_found,PH005907,77
ST00494,AC000640,2026-06-03,15_consecutive_failed_contacts,no_new_info,,98
ST00495,AC000992,2026-06-03,15_consecutive_failed_contacts,no_new_info,,99
ST00496,AC001016,2026-06-03,15_consecutive_failed_contacts,no_new_info,,137
ST00497,AC001424,2026-06-03,15_consecutive_failed_contacts,no_new_info,,109
ST00498,AC001504,2026-06-03,15_consecutive_failed_contacts,no_new_info,,120
ST00499,AC001545,2026-06-03,15_consecutive_failed_contacts,no_new_info,,136
ST00500,AC001661,2026-06-03,15_consecutive_failed_contacts,no_new_info,,111
ST00501,AC001993,2026-06-03,15_consecutive_failed_contacts,new_phone_found,PH005908,135
ST00502,AC002000,2026-06-03,15_consecutive_failed_contacts,no_new_info,,67
ST00503,AC002238,2026-06-03,15_consecutive_failed_contacts,no_new_info,,92
ST00504,AC002361,2026-06-03,15_consecutive_failed_contacts,no_new_info,,108
ST00505,AC002369,2026-06-03,15_consecutive_failed_contacts,no_new_info,,134
ST00506,AC000042,2026-06-04,15_consecutive_failed_contacts,no_new_info,,67
ST00507,AC000048,2026-06-04,15_consecutive_failed_contacts,no_new_info,,103
ST00508,AC000155,2026-06-04,15_consecutive_failed_contacts,no_new_info,,149
ST00509,AC000361,2026-06-04,15_consecutive_failed_contacts,new_phone_found,PH005909,115
ST00510,AC000487,2026-06-04,15_consecutive_failed_contacts,no_new_info,,62
ST00511,AC000539,2026-06-04,15_consecutive_failed_contacts,no_new_info,,147
ST00512,AC000819,2026-06-04,15_consecutive_failed_contacts,no_new_info,,139
ST00513,AC001105,2026-06-04,15_consecutive_failed_contacts,no_new_info,,106
ST00514,AC001376,2026-06-04,15_consecutive_failed_contacts,no_new_info,,65
ST00515,AC001533,2026-06-04,15_consecutive_failed_contacts,no_new_info,,133
ST00516,AC001658,2026-06-04,15_consecutive_failed_contacts,no_new_info,,76
ST00517,AC002006,2026-06-04,15_consecutive_failed_contacts,no_new_info,,106
ST00518,AC002034,2026-06-04,15_consecutive_failed_contacts,no_new_info,,100
ST00519,AC002118,2026-06-04,15_consecutive_failed_contacts,no_new_info,,127
ST00520,AC002264,2026-06-04,15_consecutive_failed_contacts,no_new_info,,143
ST00521,AC000053,2026-06-05,15_consecutive_failed_contacts,new_phone_found,PH005910,129
ST00522,AC000588,2026-06-05,15_consecutive_failed_contacts,new_phone_found,PH005911,132
ST00523,AC000766,2026-06-05,15_consecutive_failed_contacts,no_new_info,,70
ST00524,AC001304,2026-06-05,15_consecutive_failed_contacts,no_new_info,,140
ST00525,AC001312,2026-06-05,15_consecutive_failed_contacts,no_new_info,,87
ST00526,AC001340,2026-06-05,15_consecutive_failed_contacts,new_phone_found,PH005912,105
ST00527,AC001616,2026-06-05,15_consecutive_failed_contacts,no_new_info,,94
ST00528,AC001722,2026-06-05,15_consecutive_failed_contacts,no_new_info,,147
ST00529,AC001744,2026-06-05,15_consecutive_failed_contacts,no_new_info,,89
ST00530,AC001783,2026-06-05,15_consecutive_failed_contacts,no_new_info,,94
ST00531,AC001971,2026-06-05,15_consecutive_failed_contacts,no_new_info,,140
ST00532,AC002077,2026-06-05,15_consecutive_failed_contacts,no_new_info,,84
ST00533,AC002191,2026-06-05,15_consecutive_failed_contacts,no_new_info,,78
ST00534,AC002331,2026-06-05,15_consecutive_failed_contacts,new_phone_found,PH005913,98
ST00535,AC002359,2026-06-05,15_consecutive_failed_contacts,new_phone_found,PH005914,113
ST00536,AC000109,2026-06-06,15_consecutive_failed_contacts,no_new_info,,103
ST00537,AC000211,2026-06-06,15_consecutive_failed_contacts,new_phone_found,PH005915,126
ST00538,AC000277,2026-06-06,15_consecutive_failed_contacts,no_new_info,,144
ST00539,AC000507,2026-06-06,15_consecutive_failed_contacts,no_new_info,,73
ST00540,AC000617,2026-06-06,15_consecutive_failed_contacts,no_new_info,,77
ST00541,AC000783,2026-06-06,15_consecutive_failed_contacts,new_phone_found,PH005916,138
ST00542,AC000798,2026-06-06,15_consecutive_failed_contacts,no_new_info,,121
ST00543,AC001032,2026-06-06,15_consecutive_failed_contacts,new_phone_found,PH005917,74
ST00544,AC001147,2026-06-06,15_consecutive_failed_contacts,new_phone_found,PH005918,138
ST00545,AC001150,2026-06-06,15_consecutive_failed_contacts,no_new_info,,136
ST00546,AC001190,2026-06-06,15_consecutive_failed_contacts,no_new_info,,96
ST00547,AC001202,2026-06-06,15_consecutive_failed_contacts,new_address_found,AD003107,77
ST00548,AC001233,2026-06-06,15_consecutive_failed_contacts,no_new_info,,74
ST00549,AC001280,2026-06-06,15_consecutive_failed_contacts,no_new_info,,103
ST00550,AC001296,2026-06-06,15_consecutive_failed_contacts,no_new_info,,126
ST00551,AC001846,2026-06-06,15_consecutive_failed_contacts,no_new_info,,88
ST00552,AC002272,2026-06-06,15_consecutive_failed_contacts,new_phone_found,PH005919,141
ST00553,AC000453,2026-06-07,15_consecutive_failed_contacts,no_new_info,,119
ST00554,AC000567,2026-06-07,15_consecutive_failed_contacts,new_phone_found,PH005920,148
ST00555,AC001355,2026-06-07,15_consecutive_failed_contacts,no_new_info,,94
ST00556,AC001516,2026-06-07,15_consecutive_failed_contacts,no_new_info,,86
ST00557,AC001670,2026-06-07,15_consecutive_failed_contacts,no_new_info,,141
ST00558,AC002198,2026-06-07,15_consecutive_failed_contacts,no_new_info,,109
ST00559,AC002366,2026-06-07,15_consecutive_failed_contacts,no_new_info,,104
ST00560,AC000624,2026-06-08,15_consecutive_failed_contacts,new_phone_found,PH005921,129
ST00561,AC000638,2026-06-08,15_consecutive_failed_contacts,no_new_info,,60
ST00562,AC000803,2026-06-08,15_consecutive_failed_contacts,no_new_info,,123
ST00563,AC001498,2026-06-08,15_consecutive_failed_contacts,no_new_info,,138
ST00564,AC001523,2026-06-08,15_consecutive_failed_contacts,no_new_info,,124
ST00565,AC001609,2026-06-08,15_consecutive_failed_contacts,no_new_info,,150
ST00566,AC001657,2026-06-08,15_consecutive_failed_contacts,no_new_info,,85
ST00567,AC001696,2026-06-08,15_consecutive_failed_contacts,no_new_info,,62
ST00568,AC001700,2026-06-08,15_consecutive_failed_contacts,no_new_info,,124
ST00569,AC002065,2026-06-08,15_consecutive_failed_contacts,new_phone_found,PH005922,125
ST00570,AC002103,2026-06-08,15_consecutive_failed_contacts,no_new_info,,81
ST00571,AC002111,2026-06-08,15_consecutive_failed_contacts,no_new_info,,64
ST00572,AC000312,2026-06-09,15_consecutive_failed_contacts,no_new_info,,108
ST00573,AC000565,2026-06-09,15_consecutive_failed_contacts,new_phone_found,PH005923,96
ST00574,AC001349,2026-06-09,15_consecutive_failed_contacts,new_phone_found,PH005924,137
ST00575,AC001771,2026-06-09,15_consecutive_failed_contacts,no_new_info,,116
ST00576,AC001862,2026-06-09,15_consecutive_failed_contacts,no_new_info,,73
ST00577,AC002319,2026-06-09,15_consecutive_failed_contacts,new_phone_found,PH005925,147
ST00578,AC000260,2026-06-10,15_consecutive_failed_contacts,new_phone_found,PH005926,79
ST00579,AC000472,2026-06-10,15_consecutive_failed_contacts,no_new_info,,136
ST00580,AC000581,2026-06-10,15_consecutive_failed_contacts,new_phone_found,PH005927,69
ST00581,AC001004,2026-06-10,15_consecutive_failed_contacts,new_phone_found,PH005928,99
ST00582,AC001073,2026-06-10,15_consecutive_failed_contacts,no_new_info,,119
ST00583,AC001093,2026-06-10,15_consecutive_failed_contacts,no_new_info,,141
ST00584,AC001209,2026-06-10,15_consecutive_failed_contacts,no_new_info,,108
ST00585,AC001608,2026-06-10,15_consecutive_failed_contacts,no_new_info,,78
ST00586,AC001705,2026-06-10,15_consecutive_failed_contacts,no_new_info,,63
ST00587,AC001725,2026-06-10,15_consecutive_failed_contacts,no_new_info,,63
ST00588,AC002174,2026-06-10,15_consecutive_failed_contacts,new_address_found,AD003108,146
ST00589,AC002300,2026-06-10,15_consecutive_failed_contacts,no_new_info,,66
ST00590,AC002365,2026-06-10,15_consecutive_failed_contacts,new_phone_found,PH005929,74
ST00591,AC002373,2026-06-10,15_consecutive_failed_contacts,no_new_info,,78
ST00592,AC000775,2026-06-11,15_consecutive_failed_contacts,new_address_found,AD003109,79
ST00593,AC000901,2026-06-11,15_consecutive_failed_contacts,no_new_info,,147
ST00594,AC001259,2026-06-11,15_consecutive_failed_contacts,no_new_info,,115
ST00595,AC001319,2026-06-11,15_consecutive_failed_contacts,no_new_info,,79
ST00596,AC001431,2026-06-11,15_consecutive_failed_contacts,no_new_info,,116
ST00597,AC001647,2026-06-11,15_consecutive_failed_contacts,no_new_info,,111
ST00598,AC001727,2026-06-11,15_consecutive_failed_contacts,no_new_info,,89
ST00599,AC001813,2026-06-11,15_consecutive_failed_contacts,new_phone_found,PH005930,67
ST00600,AC001864,2026-06-11,15_consecutive_failed_contacts,no_new_info,,94
ST00601,AC001895,2026-06-11,15_consecutive_failed_contacts,no_new_info,,83
ST00602,AC002026,2026-06-11,15_consecutive_failed_contacts,no_new_info,,88
ST00603,AC002208,2026-06-11,15_consecutive_failed_contacts,new_phone_found,PH005931,145
ST00604,AC000057,2026-06-12,15_consecutive_failed_contacts,new_phone_found,PH005932,80
ST00605,AC000923,2026-06-12,15_consecutive_failed_contacts,no_new_info,,150
ST00606,AC001205,2026-06-12,15_consecutive_failed_contacts,no_new_info,,84
ST00607,AC001811,2026-06-12,15_consecutive_failed_contacts,no_new_info,,99
ST00608,AC001843,2026-06-12,15_consecutive_failed_contacts,no_new_info,,73
ST00609,AC001867,2026-06-12,15_consecutive_failed_contacts,no_new_info,,79
ST00610,AC002252,2026-06-12,15_consecutive_failed_contacts,no_new_info,,135
ST00611,AC000100,2026-06-13,15_consecutive_failed_contacts,no_new_info,,67
ST00612,AC000209,2026-06-13,15_consecutive_failed_contacts,no_new_info,,73
ST00613,AC000359,2026-06-13,15_consecutive_failed_contacts,no_new_info,,109
ST00614,AC000835,2026-06-13,15_consecutive_failed_contacts,no_new_info,,113
ST00615,AC000930,2026-06-13,15_consecutive_failed_contacts,no_new_info,,132
ST00616,AC000959,2026-06-13,15_consecutive_failed_contacts,no_new_info,,98
ST00617,AC000972,2026-06-13,15_consecutive_failed_contacts,no_new_info,,122
ST00618,AC001343,2026-06-13,15_consecutive_failed_contacts,no_new_info,,128
ST00619,AC001444,2026-06-13,15_consecutive_failed_contacts,no_new_info,,108
ST00620,AC002028,2026-06-13,15_consecutive_failed_contacts,no_new_info,,127
ST00621,AC002048,2026-06-13,15_consecutive_failed_contacts,new_phone_found,PH005933,68
ST00622,AC002076,2026-06-13,15_consecutive_failed_contacts,no_new_info,,78
ST00623,AC002122,2026-06-13,15_consecutive_failed_contacts,no_new_info,,84
ST00624,AC002285,2026-06-13,15_consecutive_failed_contacts,no_new_info,,107
ST00625,AC002367,2026-06-13,15_consecutive_failed_contacts,no_new_info,,108
ST00626,AC000012,2026-06-14,15_consecutive_failed_contacts,no_new_info,,104
ST00627,AC000395,2026-06-14,15_consecutive_failed_contacts,no_new_info,,69
ST00628,AC000542,2026-06-14,15_consecutive_failed_contacts,new_address_found,AD003110,108
ST00629,AC000579,2026-06-14,15_consecutive_failed_contacts,no_new_info,,112
ST00630,AC000742,2026-06-14,15_consecutive_failed_contacts,no_new_info,,69
ST00631,AC000820,2026-06-14,15_consecutive_failed_contacts,no_new_info,,126
ST00632,AC001033,2026-06-14,15_consecutive_failed_contacts,no_new_info,,118
ST00633,AC002186,2026-06-14,15_consecutive_failed_contacts,no_new_info,,141
ST00634,AC002326,2026-06-14,15_consecutive_failed_contacts,new_phone_found,PH005934,67
ST00635,AC000187,2026-06-15,15_consecutive_failed_contacts,new_phone_found,PH005935,91
ST00636,AC001577,2026-06-15,15_consecutive_failed_contacts,no_new_info,,82
ST00637,AC001751,2026-06-15,15_consecutive_failed_contacts,no_new_info,,79
ST00638,AC002137,2026-06-15,15_consecutive_failed_contacts,no_new_info,,94
ST00639,AC001013,2026-06-16,15_consecutive_failed_contacts,no_new_info,,60
ST00640,AC001211,2026-06-16,15_consecutive_failed_contacts,new_phone_found,PH005936,137
ST00641,AC001651,2026-06-16,15_consecutive_failed_contacts,no_new_info,,84
ST00642,AC002170,2026-06-16,15_consecutive_failed_contacts,no_new_info,,127
ST00643,AC000204,2026-06-17,15_consecutive_failed_contacts,no_new_info,,90
ST00644,AC000398,2026-06-17,15_consecutive_failed_contacts,no_new_info,,142
ST00645,AC000885,2026-06-17,15_consecutive_failed_contacts,new_phone_found,PH005937,67
ST00646,AC001068,2026-06-17,15_consecutive_failed_contacts,no_new_info,,119
ST00647,AC001122,2026-06-17,15_consecutive_failed_contacts,no_new_info,,131
ST00648,AC001149,2026-06-17,15_consecutive_failed_contacts,new_phone_found,PH005938,103
ST00649,AC001221,2026-06-17,15_consecutive_failed_contacts,no_new_info,,98
ST00650,AC001649,2026-06-17,15_consecutive_failed_contacts,no_new_info,,140
ST00651,AC001703,2026-06-17,15_consecutive_failed_contacts,no_new_info,,123
ST00652,AC002023,2026-06-17,15_consecutive_failed_contacts,no_new_info,,139
ST00653,AC000121,2026-06-18,15_consecutive_failed_contacts,no_new_info,,72
ST00654,AC000602,2026-06-18,15_consecutive_failed_contacts,new_address_found,AD003111,68
ST00655,AC000692,2026-06-18,15_consecutive_failed_contacts,no_new_info,,149
ST00656,AC001148,2026-06-18,15_consecutive_failed_contacts,no_new_info,,85
ST00657,AC001153,2026-06-18,15_consecutive_failed_contacts,no_new_info,,91
ST00658,AC001236,2026-06-18,15_consecutive_failed_contacts,no_new_info,,83
ST00659,AC001314,2026-06-18,15_consecutive_failed_contacts,no_new_info,,104
ST00660,AC001364,2026-06-18,15_consecutive_failed_contacts,no_new_info,,90
ST00661,AC001655,2026-06-18,15_consecutive_failed_contacts,new_phone_found,PH005939,150
ST00662,AC001702,2026-06-18,15_consecutive_failed_contacts,no_new_info,,141
ST00663,AC001724,2026-06-18,15_consecutive_failed_contacts,no_new_info,,74
ST00664,AC001920,2026-06-18,15_consecutive_failed_contacts,no_new_info,,102
ST00665,AC001964,2026-06-18,15_consecutive_failed_contacts,no_new_info,,105
ST00666,AC002236,2026-06-18,15_consecutive_failed_contacts,no_new_info,,119
ST00667,AC002282,2026-06-18,15_consecutive_failed_contacts,no_new_info,,138
ST00668,AC000523,2026-06-19,15_consecutive_failed_contacts,new_address_found,AD003112,116
ST00669,AC000777,2026-06-19,15_consecutive_failed_contacts,no_new_info,,74
ST00670,AC001113,2026-06-19,15_consecutive_failed_contacts,no_new_info,,98
ST00671,AC001567,2026-06-19,15_consecutive_failed_contacts,no_new_info,,64
ST00672,AC001676,2026-06-19,15_consecutive_failed_contacts,no_new_info,,97
ST00673,AC001842,2026-06-19,15_consecutive_failed_contacts,no_new_info,,81
ST00674,AC002005,2026-06-19,15_consecutive_failed_contacts,no_new_info,,118
ST00675,AC002010,2026-06-19,15_consecutive_failed_contacts,no_new_info,,95
ST00676,AC002094,2026-06-19,15_consecutive_failed_contacts,no_new_info,,72
ST00677,AC000571,2026-06-20,15_consecutive_failed_contacts,no_new_info,,146
ST00678,AC000677,2026-06-20,15_consecutive_failed_contacts,no_new_info,,129
ST00679,AC000833,2026-06-20,15_consecutive_failed_contacts,new_phone_found,PH005940,82
ST00680,AC000934,2026-06-20,15_consecutive_failed_contacts,no_new_info,,114
ST00681,AC001100,2026-06-20,15_consecutive_failed_contacts,no_new_info,,79
ST00682,AC001274,2026-06-20,15_consecutive_failed_contacts,new_phone_found,PH005941,139
ST00683,AC001473,2026-06-20,15_consecutive_failed_contacts,new_phone_found,PH005942,89
ST00684,AC001728,2026-06-20,15_consecutive_failed_contacts,no_new_info,,63
ST00685,AC001872,2026-06-20,15_consecutive_failed_contacts,no_new_info,,120
ST00686,AC001903,2026-06-20,15_consecutive_failed_contacts,no_new_info,,117
ST00687,AC002368,2026-06-20,15_consecutive_failed_contacts,new_address_found,AD003113,95
ST00688,AC000063,2026-06-21,15_consecutive_failed_contacts,no_new_info,,96
ST00689,AC000491,2026-06-21,15_consecutive_failed_contacts,no_new_info,,126
ST00690,AC001170,2026-06-21,15_consecutive_failed_contacts,no_new_info,,145
ST00691,AC001951,2026-06-21,15_consecutive_failed_contacts,new_phone_found,PH005943,116
ST00692,AC001987,2026-06-21,15_consecutive_failed_contacts,new_phone_found,PH005944,149
ST00693,AC002097,2026-06-21,15_consecutive_failed_contacts,no_new_info,,72
ST00694,AC000598,2026-06-22,15_consecutive_failed_contacts,no_new_info,,102
ST00695,AC000931,2026-06-22,15_consecutive_failed_contacts,new_phone_found,PH005945,134
ST00696,AC001089,2026-06-22,15_consecutive_failed_contacts,no_new_info,,99
ST00697,AC001141,2026-06-22,15_consecutive_failed_contacts,new_phone_found,PH005946,107
ST00698,AC001331,2026-06-22,15_consecutive_failed_contacts,no_new_info,,128
ST00699,AC001666,2026-06-22,15_consecutive_failed_contacts,no_new_info,,130
ST00700,AC001892,2026-06-22,15_consecutive_failed_contacts,no_new_info,,122
ST00701,AC002201,2026-06-22,15_consecutive_failed_contacts,no_new_info,,101
ST00702,AC000141,2026-06-23,15_consecutive_failed_contacts,no_new_info,,70
ST00703,AC000505,2026-06-23,15_consecutive_failed_contacts,new_address_found,AD003114,92
ST00704,AC000693,2026-06-23,15_consecutive_failed_contacts,no_new_info,,73
ST00705,AC000738,2026-06-23,15_consecutive_failed_contacts,no_new_info,,108
ST00706,AC001066,2026-06-23,15_consecutive_failed_contacts,no_new_info,,96
ST00707,AC001461,2026-06-23,15_consecutive_failed_contacts,no_new_info,,122
ST00708,AC001723,2026-06-23,15_consecutive_failed_contacts,no_new_info,,100
ST00709,AC000614,2026-06-24,15_consecutive_failed_contacts,no_new_info,,134
ST00710,AC000731,2026-06-24,15_consecutive_failed_contacts,no_new_info,,99
ST00711,AC000993,2026-06-24,15_consecutive_failed_contacts,new_phone_found,PH005947,131
ST00712,AC001046,2026-06-24,15_consecutive_failed_contacts,no_new_info,,139
ST00713,AC001085,2026-06-24,15_consecutive_failed_contacts,new_phone_found,PH005948,133
ST00714,AC001706,2026-06-24,15_consecutive_failed_contacts,new_phone_found,PH005949,67
ST00715,AC001757,2026-06-24,15_consecutive_failed_contacts,no_new_info,,70
ST00716,AC001852,2026-06-24,15_consecutive_failed_contacts,new_phone_found,PH005950,123
ST00717,AC001924,2026-06-24,15_consecutive_failed_contacts,no_new_info,,117
ST00718,AC002101,2026-06-24,15_consecutive_failed_contacts,no_new_info,,100
ST00719,AC002128,2026-06-24,15_consecutive_failed_contacts,no_new_info,,112
ST00720,AC002202,2026-06-24,15_consecutive_failed_contacts,no_new_info,,87
ST00721,AC002352,2026-06-24,15_consecutive_failed_contacts,no_new_info,,109
ST00722,AC000024,2026-06-25,15_consecutive_failed_contacts,no_new_info,,65
ST00723,AC000036,2026-06-25,15_consecutive_failed_contacts,no_new_info,,84
ST00724,AC000501,2026-06-25,15_consecutive_failed_contacts,no_new_info,,99
ST00725,AC001273,2026-06-25,15_consecutive_failed_contacts,new_phone_found,PH005951,111
ST00726,AC001437,2026-06-25,15_consecutive_failed_contacts,no_new_info,,96
ST00727,AC001755,2026-06-25,15_consecutive_failed_contacts,new_address_found,AD003115,62
ST00728,AC001871,2026-06-25,15_consecutive_failed_contacts,no_new_info,,62
ST00729,AC001912,2026-06-25,15_consecutive_failed_contacts,no_new_info,,116
ST00730,AC001977,2026-06-25,15_consecutive_failed_contacts,no_new_info,,137
ST00731,AC002060,2026-06-25,15_consecutive_failed_contacts,new_address_found,AD003116,150
ST00732,AC000095,2026-06-26,15_consecutive_failed_contacts,no_new_info,,122
ST00733,AC000108,2026-06-26,15_consecutive_failed_contacts,no_new_info,,150
ST00734,AC000224,2026-06-26,15_consecutive_failed_contacts,no_new_info,,85
ST00735,AC000419,2026-06-26,15_consecutive_failed_contacts,no_new_info,,71
ST00736,AC001145,2026-06-26,15_consecutive_failed_contacts,no_new_info,,84
ST00737,AC001199,2026-06-26,15_consecutive_failed_contacts,no_new_info,,88
ST00738,AC001630,2026-06-26,15_consecutive_failed_contacts,new_phone_found,PH005952,79
ST00739,AC001944,2026-06-26,15_consecutive_failed_contacts,no_new_info,,102
ST00740,AC002133,2026-06-26,15_consecutive_failed_contacts,no_new_info,,75
ST00741,AC002329,2026-06-26,15_consecutive_failed_contacts,no_new_info,,131
ST00742,AC000231,2026-06-27,15_consecutive_failed_contacts,no_new_info,,77
ST00743,AC000324,2026-06-27,15_consecutive_failed_contacts,no_new_info,,101
ST00744,AC000802,2026-06-27,15_consecutive_failed_contacts,no_new_info,,100
ST00745,AC000882,2026-06-27,15_consecutive_failed_contacts,no_new_info,,123
ST00746,AC001576,2026-06-27,15_consecutive_failed_contacts,new_phone_found,PH005953,128
ST00747,AC001597,2026-06-27,15_consecutive_failed_contacts,no_new_info,,79
ST00748,AC001648,2026-06-27,15_consecutive_failed_contacts,no_new_info,,80
ST00749,AC001786,2026-06-27,15_consecutive_failed_contacts,no_new_info,,91
ST00750,AC002147,2026-06-27,15_consecutive_failed_contacts,no_new_info,,68
ST00751,AC002354,2026-06-27,15_consecutive_failed_contacts,no_new_info,,65
ST00752,AC000284,2026-06-28,15_consecutive_failed_contacts,no_new_info,,144
ST00753,AC000522,2026-06-28,15_consecutive_failed_contacts,new_phone_found,PH005954,85
ST00754,AC000564,2026-06-28,15_consecutive_failed_contacts,no_new_info,,136
ST00755,AC000584,2026-06-28,15_consecutive_failed_contacts,no_new_info,,104
ST00756,AC000815,2026-06-28,15_consecutive_failed_contacts,no_new_info,,138
ST00757,AC001029,2026-06-28,15_consecutive_failed_contacts,new_phone_found,PH005955,139
ST00758,AC001430,2026-06-28,15_consecutive_failed_contacts,new_phone_found,PH005956,109
ST00759,AC001947,2026-06-28,15_consecutive_failed_contacts,no_new_info,,141
ST00760,AC000440,2026-06-29,15_consecutive_failed_contacts,new_phone_found,PH005957,79
ST00761,AC000462,2026-06-29,15_consecutive_failed_contacts,no_new_info,,130
ST00762,AC000974,2026-06-29,15_consecutive_failed_contacts,new_phone_found,PH005958,102
ST00763,AC000977,2026-06-29,15_consecutive_failed_contacts,new_address_found,AD003117,82
ST00764,AC001502,2026-06-29,15_consecutive_failed_contacts,no_new_info,,123
ST00765,AC002059,2026-06-29,15_consecutive_failed_contacts,no_new_info,,91
ST00766,AC002092,2026-06-29,15_consecutive_failed_contacts,no_new_info,,75
