phone_id,account_id,verified_status,verified_date
PH002454,AC000848,not_borrower_number,2026-07-02
PH003285,AC001229,borrower_number,2026-07-02
PH004656,AC001865,third_party_number,2026-07-02
PH003943,AC001526,third_party_number,2026-07-02
PH000470,AC001379,third_party_number,2026-07-02
PH000308,AC002126,third_party_number,2026-07-02
PH002082,AC000673,switched_off,2026-07-02
PH000610,AC000598,third_party_number,2026-07-02
PH005388,AC002205,switched_off,2026-07-02
PH004294,AC001687,borrower_number,2026-07-02
PH002702,AC000960,invalid_number,2026-07-02
PH004805,AC001932,third_party_number,2026-07-02
PH004083,AC001592,borrower_number,2026-07-02
PH002957,AC001074,switched_off,2026-07-02
PH005205,AC002121,borrower_number,2026-07-02
PH000758,AC000065,borrower_number,2026-07-02
PH001475,AC000402,third_party_number,2026-07-02
PH000705,AC000041,third_party_number,2026-07-02
PH004297,AC001688,borrower_number,2026-07-02
PH000956,AC000159,borrower_number,2026-07-02
PH003570,AC001357,borrower_number,2026-07-02
PH003266,AC001220,third_party_number,2026-07-02
PH005909,AC000361,borrower_number,2026-07-02
PH000923,AC000142,third_party_number,2026-07-02
PH003615,AC001378,borrower_number,2026-07-02
PH001108,AC000229,borrower_number,2026-07-02
PH004622,AC001849,third_party_number,2026-07-02
PH003971,AC001539,switched_off,2026-07-02
PH005275,AC002153,borrower_number,2026-07-02
PH002805,AC001007,not_borrower_number,2026-07-02
PH003066,AC001127,borrower_number,2026-07-02
PH001507,AC000417,borrower_number,2026-07-02
PH002624,AC000923,borrower_number,2026-07-02
PH005926,AC000260,borrower_number,2026-07-02
PH002173,AC000716,invalid_number,2026-07-02
PH001576,AC000446,third_party_number,2026-07-02
PH003583,AC001363,borrower_number,2026-07-02
PH004744,AC001905,borrower_number,2026-07-02
PH003674,AC001403,not_borrower_number,2026-07-02
PH005908,AC001993,borrower_number,2026-07-02
PH000592,AC001425,third_party_number,2026-07-02
PH004227,AC001659,borrower_number,2026-07-02
PH004909,AC001982,borrower_number,2026-07-02
PH005728,AC002362,third_party_number,2026-07-02
PH001571,AC000444,borrower_number,2026-07-02
PH001144,AC000246,borrower_number,2026-07-02
PH005696,AC002345,third_party_number,2026-07-02
PH005897,AC000239,borrower_number,2026-07-02
PH000455,AC002296,third_party_number,2026-07-02
PH003467,AC001308,borrower_number,2026-07-02
PH005216,AC002127,borrower_number,2026-07-02
PH000686,AC000032,borrower_number,2026-07-02
PH004709,AC001888,borrower_number,2026-07-02
PH003122,AC001152,third_party_number,2026-07-02
PH003870,AC001494,borrower_number,2026-07-02
PH004510,AC001795,borrower_number,2026-07-02
PH000222,AC001573,third_party_number,2026-07-02
PH004905,AC001981,not_borrower_number,2026-07-02
PH005542,AC002273,borrower_number,2026-07-02
PH002006,AC000641,not_borrower_number,2026-07-02
PH003385,AC001269,third_party_number,2026-07-02
PH001858,AC000573,third_party_number,2026-07-02
PH002942,AC001068,not_borrower_number,2026-07-02
PH003527,AC001339,borrower_number,2026-07-02
PH003370,AC001264,borrower_number,2026-07-02
PH001944,AC000614,borrower_number,2026-07-02
PH001593,AC000454,third_party_number,2026-07-02
PH005919,AC002272,borrower_number,2026-07-02
PH002367,AC000809,not_borrower_number,2026-07-02
PH001970,AC000626,borrower_number,2026-07-02
PH004696,AC001881,third_party_number,2026-07-02
PH001891,AC000591,borrower_number,2026-07-02
PH002943,AC001068,switched_off,2026-07-02
PH000838,AC000098,not_borrower_number,2026-07-02
PH001077,AC000214,third_party_number,2026-07-02
PH005334,AC002179,borrower_number,2026-07-02
PH000134,AC001981,third_party_number,2026-07-02
PH003158,AC001170,borrower_number,2026-07-02
PH004939,AC001994,borrower_number,2026-07-02
PH002649,AC000933,third_party_number,2026-07-02
PH004752,AC001908,not_borrower_number,2026-07-02
PH003610,AC001376,not_borrower_number,2026-07-02
PH004469,AC001774,third_party_number,2026-07-02
PH000394,AC002120,borrower_number,2026-07-02
PH002869,AC001035,borrower_number,2026-07-02
PH005649,AC002323,switched_off,2026-07-02
PH002570,AC000901,third_party_number,2026-07-02
PH004339,AC001708,borrower_number,2026-07-02
PH003507,AC001330,invalid_number,2026-07-02
PH004532,AC001804,third_party_number,2026-07-02
PH001436,AC000385,switched_off,2026-07-02
PH005260,AC002146,switched_off,2026-07-02
PH004377,AC001727,borrower_number,2026-07-02
PH003537,AC001343,borrower_number,2026-07-02
PH000425,AC001636,third_party_number,2026-07-02
PH001755,AC000528,borrower_number,2026-07-02
PH001637,AC000474,borrower_number,2026-07-02
PH002644,AC000931,third_party_number,2026-07-02
PH001100,AC000225,borrower_number,2026-07-02
PH000916,AC000137,not_borrower_number,2026-07-02
PH002799,AC001004,switched_off,2026-07-02
PH003323,AC001247,borrower_number,2026-07-02
PH003535,AC001341,third_party_number,2026-07-02
PH005502,AC002255,not_borrower_number,2026-07-02
PH005223,AC002130,borrower_number,2026-07-02
PH000735,AC000055,borrower_number,2026-07-02
PH005075,AC002060,borrower_number,2026-07-02
PH003850,AC001484,borrower_number,2026-07-02
PH005598,AC002299,borrower_number,2026-07-02
PH000757,AC000064,third_party_number,2026-07-02
PH001750,AC000526,third_party_number,2026-07-02
PH002532,AC000886,borrower_number,2026-07-02
PH003126,AC001154,third_party_number,2026-07-02
PH005859,AC001203,borrower_number,2026-07-02
PH003294,AC001234,borrower_number,2026-07-02
PH004723,AC001895,switched_off,2026-07-02
PH004239,AC001664,borrower_number,2026-07-02
PH003197,AC001187,third_party_number,2026-07-02
PH004115,AC001606,borrower_number,2026-07-02
PH003021,AC001106,not_borrower_number,2026-07-02
PH005123,AC002085,borrower_number,2026-07-02
PH005575,AC002290,borrower_number,2026-07-02
PH000910,AC000134,borrower_number,2026-07-02
PH004241,AC001665,not_borrower_number,2026-07-02
PH000299,AC000613,third_party_number,2026-07-02
PH005854,AC000934,borrower_number,2026-07-02
PH000778,AC000073,borrower_number,2026-07-02
PH000588,AC002066,third_party_number,2026-07-02
PH005367,AC002194,borrower_number,2026-07-02
PH001428,AC000381,not_borrower_number,2026-07-02
PH003778,AC001454,borrower_number,2026-07-02
PH000769,AC000069,borrower_number,2026-07-02
PH005163,AC002104,borrower_number,2026-07-02
PH004590,AC001832,third_party_number,2026-07-02
PH001262,AC000306,borrower_number,2026-07-02
PH001320,AC000335,not_borrower_number,2026-07-02
PH004030,AC001566,not_borrower_number,2026-07-02
PH004373,AC001725,third_party_number,2026-07-02
PH002329,AC000790,third_party_number,2026-07-02
PH000685,AC000032,switched_off,2026-07-02
PH004184,AC001639,borrower_number,2026-07-02
PH004548,AC001812,third_party_number,2026-07-02
PH001851,AC000569,third_party_number,2026-07-02
PH003572,AC001358,borrower_number,2026-07-02
PH001717,AC000511,borrower_number,2026-07-02
PH003458,AC001303,switched_off,2026-07-02
PH000990,AC000173,third_party_number,2026-07-02
PH004957,AC002003,borrower_number,2026-07-02
PH005778,AC002385,borrower_number,2026-07-02
PH000768,AC000069,switched_off,2026-07-02
PH001582,AC000449,third_party_number,2026-07-02
PH005949,AC001706,borrower_number,2026-07-02
PH005410,AC002214,borrower_number,2026-07-02
PH002566,AC000900,borrower_number,2026-07-02
PH003001,AC001096,borrower_number,2026-07-02
PH003657,AC001395,third_party_number,2026-07-02
PH003168,AC001175,borrower_number,2026-07-02
PH005944,AC001987,borrower_number,2026-07-02
PH000798,AC000083,third_party_number,2026-07-02
PH001151,AC000249,borrower_number,2026-07-02
PH002172,AC000715,third_party_number,2026-07-02
PH001426,AC000380,borrower_number,2026-07-02
PH005891,AC001132,borrower_number,2026-07-02
PH005470,AC002241,borrower_number,2026-07-02
PH005175,AC002108,not_borrower_number,2026-07-02
PH004016,AC001560,third_party_number,2026-07-02
PH004435,AC001758,borrower_number,2026-07-02
PH001773,AC000536,not_borrower_number,2026-07-02
PH002928,AC001063,borrower_number,2026-07-02
PH003605,AC001374,borrower_number,2026-07-02
PH005273,AC002151,third_party_number,2026-07-02
PH005578,AC002291,third_party_number,2026-07-02
PH000633,AC000010,not_borrower_number,2026-07-02
PH001989,AC000633,third_party_number,2026-07-02
PH000935,AC000148,borrower_number,2026-07-02
PH004058,AC001579,switched_off,2026-07-02
PH003558,AC001351,borrower_number,2026-07-02
PH005955,AC001029,borrower_number,2026-07-02
PH001909,AC000600,borrower_number,2026-07-02
PH002537,AC000888,borrower_number,2026-07-02
PH002409,AC000828,third_party_number,2026-07-02
PH002616,AC000920,borrower_number,2026-07-02
PH001306,AC000329,borrower_number,2026-07-02
PH002490,AC000865,borrower_number,2026-07-02
PH001565,AC000442,borrower_number,2026-07-02
PH001360,AC000354,borrower_number,2026-07-02
PH002243,AC000749,borrower_number,2026-07-02
PH000263,AC001276,third_party_number,2026-07-02
PH000602,AC000158,third_party_number,2026-07-02
PH000309,AC001822,third_party_number,2026-07-02
PH003491,AC001322,borrower_number,2026-07-02
PH004338,AC001707,third_party_number,2026-07-02
PH004064,AC001582,not_borrower_number,2026-07-02
PH004734,AC001900,borrower_number,2026-07-02
PH005828,AC001439,borrower_number,2026-07-02
PH000625,AC000007,borrower_number,2026-07-02
PH005217,AC002127,third_party_number,2026-07-02
PH000983,AC000171,third_party_number,2026-07-02
PH001822,AC000556,borrower_number,2026-07-02
PH004712,AC001889,third_party_number,2026-07-02
PH001004,AC000180,borrower_number,2026-07-02
PH002043,AC000657,borrower_number,2026-07-02
PH001123,AC000236,borrower_number,2026-07-02
PH002653,AC000935,third_party_number,2026-07-02
PH001936,AC000610,borrower_number,2026-07-02
PH000671,AC000027,not_borrower_number,2026-07-02
PH003653,AC001394,third_party_number,2026-07-02
PH004986,AC002018,borrower_number,2026-07-02
PH002512,AC000875,third_party_number,2026-07-02
PH001008,AC000182,borrower_number,2026-07-02
PH005662,AC002329,borrower_number,2026-07-02
PH004396,AC001738,borrower_number,2026-07-02
PH002075,AC000670,borrower_number,2026-07-02
PH001439,AC000386,borrower_number,2026-07-02
PH005496,AC002252,borrower_number,2026-07-02
PH001019,AC000186,borrower_number,2026-07-02
PH001072,AC000212,borrower_number,2026-07-02
PH002363,AC000808,switched_off,2026-07-02
PH001975,AC000627,third_party_number,2026-07-02
PH001902,AC000595,not_borrower_number,2026-07-02
PH003851,AC001484,not_borrower_number,2026-07-02
PH003991,AC001549,switched_off,2026-07-02
PH004002,AC001554,borrower_number,2026-07-02
PH001336,AC000343,third_party_number,2026-07-02
PH001704,AC000505,borrower_number,2026-07-02
PH003836,AC001479,borrower_number,2026-07-02
PH001623,AC000468,not_borrower_number,2026-07-02
PH002640,AC000929,third_party_number,2026-07-02
PH001585,AC000452,borrower_number,2026-07-02
PH001186,AC000267,third_party_number,2026-07-02
PH003264,AC001219,borrower_number,2026-07-02
PH002078,AC000671,third_party_number,2026-07-02
PH000082,AC001293,third_party_number,2026-07-02
PH002756,AC000985,switched_off,2026-07-02
PH000443,AC000912,third_party_number,2026-07-02
PH004149,AC001624,third_party_number,2026-07-02
PH001346,AC000348,not_borrower_number,2026-07-02
PH001364,AC000356,borrower_number,2026-07-02
PH001992,AC000634,not_borrower_number,2026-07-02
PH004024,AC001564,borrower_number,2026-07-02
PH002658,AC000937,third_party_number,2026-07-02
PH000618,AC000004,borrower_number,2026-07-02
PH002080,AC000672,switched_off,2026-07-02
PH002830,AC001019,borrower_number,2026-07-02
PH001188,AC000269,borrower_number,2026-07-02
PH003209,AC001193,borrower_number,2026-07-02
PH000497,AC002077,third_party_number,2026-07-02
PH001131,AC000240,switched_off,2026-07-02
PH000502,AC001155,third_party_number,2026-07-02
PH001960,AC000621,third_party_number,2026-07-02
