account_id,split
AC000001,train
AC000002,train
AC000003,train
AC000004,train
AC000005,train
AC000006,train
AC000007,train
AC000008,train
AC000009,train
AC000010,train
AC000011,validation
AC000012,train
AC000013,validation
AC000014,train
AC000015,train
AC000016,train
AC000017,validation
AC000018,test
AC000019,test
AC000020,test
AC000021,train
AC000022,test
AC000023,validation
AC000024,train
AC000025,train
AC000026,test
AC000027,train
AC000028,train
AC000029,train
AC000030,validation
AC000031,validation
AC000032,train
AC000033,train
AC000034,train
AC000035,train
AC000036,validation
AC000037,train
AC000038,train
AC000039,validation
AC000040,train
AC000041,validation
AC000042,test
AC000043,train
AC000044,train
AC000045,validation
AC000046,train
AC000047,train
AC000048,train
AC000049,test
AC000050,test
AC000051,test
AC000052,train
AC000053,validation
AC000054,train
AC000055,train
AC000056,train
AC000057,train
AC000058,train
AC000059,train
AC000060,train
AC000061,validation
AC000062,train
AC000063,train
AC000064,test
AC000065,train
AC000066,train
AC000067,train
AC000068,train
AC000069,validation
AC000070,validation
AC000071,test
AC000072,train
AC000073,validation
AC000074,train
AC000075,train
AC000076,train
AC000077,train
AC000078,train
AC000079,train
AC000080,train
AC000081,test
AC000082,train
AC000083,train
AC000084,test
AC000085,validation
AC000086,train
AC000087,test
AC000088,train
AC000089,train
AC000090,train
AC000091,train
AC000092,train
AC000093,train
AC000094,validation
AC000095,train
AC000096,train
AC000097,train
AC000098,train
AC000099,train
AC000100,train
AC000101,train
AC000102,train
AC000103,train
AC000104,train
AC000105,train
AC000106,train
AC000107,train
AC000108,test
AC000109,train
AC000110,train
AC000111,train
AC000112,train
AC000113,train
AC000114,train
AC000115,validation
AC000116,train
AC000117,test
AC000118,train
AC000119,validation
AC000120,train
AC000121,validation
AC000122,test
AC000123,train
AC000124,train
AC000125,train
AC000126,train
AC000127,train
AC000128,train
AC000129,train
AC000130,train
AC000131,train
AC000132,validation
AC000133,train
AC000134,test
AC000135,train
AC000136,train
AC000137,train
AC000138,train
AC000139,validation
AC000140,train
AC000141,validation
AC000142,validation
AC000143,train
AC000144,train
AC000145,test
AC000146,test
AC000147,train
AC000148,train
AC000149,train
AC000150,train
AC000151,train
AC000152,train
AC000153,train
AC000154,train
AC000155,train
AC000156,train
AC000157,train
AC000158,validation
AC000159,train
AC000160,train
AC000161,train
AC000162,train
AC000163,validation
AC000164,validation
AC000165,train
AC000166,validation
AC000167,train
AC000168,test
AC000169,test
AC000170,train
AC000171,train
AC000172,train
AC000173,train
AC000174,train
AC000175,validation
AC000176,train
AC000177,train
AC000178,train
AC000179,validation
AC000180,train
AC000181,validation
AC000182,train
AC000183,train
AC000184,validation
AC000185,validation
AC000186,train
AC000187,train
AC000188,train
AC000189,train
AC000190,train
AC000191,train
AC000192,train
AC000193,validation
AC000194,train
AC000195,train
AC000196,validation
AC000197,train
AC000198,train
AC000199,test
AC000200,train
AC000201,validation
AC000202,validation
AC000203,train
AC000204,train
AC000205,train
AC000206,train
AC000207,train
AC000208,train
AC000209,train
AC000210,test
AC000211,train
AC000212,validation
AC000213,train
AC000214,validation
AC000215,train
AC000216,train
AC000217,validation
AC000218,train
AC000219,train
AC000220,train
AC000221,train
AC000222,train
AC000223,train
AC000224,train
AC000225,validation
AC000226,test
AC000227,test
AC000228,train
AC000229,train
AC000230,validation
AC000231,test
AC000232,train
AC000233,train
AC000234,train
AC000235,train
AC000236,train
AC000237,validation
AC000238,train
AC000239,train
AC000240,train
AC000241,train
AC000242,validation
AC000243,train
AC000244,train
AC000245,train
AC000246,test
AC000247,train
AC000248,train
AC000249,test
AC000250,validation
AC000251,train
AC000252,test
AC000253,train
AC000254,train
AC000255,train
AC000256,train
AC000257,train
AC000258,train
AC000259,validation
AC000260,validation
AC000261,train
AC000262,validation
AC000263,train
AC000264,train
AC000265,train
AC000266,train
AC000267,train
AC000268,train
AC000269,train
AC000270,train
AC000271,validation
AC000272,train
AC000273,train
AC000274,train
AC000275,train
AC000276,validation
AC000277,train
AC000278,train
AC000279,train
AC000280,validation
AC000281,train
AC000282,train
AC000283,test
AC000284,train
AC000285,validation
AC000286,test
AC000287,test
AC000288,validation
AC000289,train
AC000290,train
AC000291,train
AC000292,train
AC000293,train
AC000294,validation
AC000295,train
AC000296,train
AC000297,train
AC000298,train
AC000299,test
AC000300,train
AC000301,train
AC000302,validation
AC000303,validation
AC000304,train
AC000305,train
AC000306,train
AC000307,train
AC000308,train
AC000309,train
AC000310,train
AC000311,train
AC000312,train
AC000313,train
AC000314,train
AC000315,train
AC000316,test
AC000317,train
AC000318,train
AC000319,train
AC000320,train
AC000321,train
AC000322,test
AC000323,validation
AC000324,train
AC000325,train
AC000326,train
AC000327,validation
AC000328,train
AC000329,train
AC000330,train
AC000331,validation
AC000332,validation
AC000333,train
AC000334,train
AC000335,validation
AC000336,train
AC000337,train
AC000338,train
AC000339,test
AC000340,train
AC000341,train
AC000342,train
AC000343,train
AC000344,train
AC000345,train
AC000346,train
AC000347,train
AC000348,train
AC000349,train
AC000350,train
AC000351,train
AC000352,train
AC000353,test
AC000354,train
AC000355,train
AC000356,validation
AC000357,train
AC000358,train
AC000359,validation
AC000360,train
AC000361,test
AC000362,train
AC000363,test
AC000364,train
AC000365,train
AC000366,train
AC000367,train
AC000368,validation
AC000369,train
AC000370,test
AC000371,train
AC000372,train
AC000373,train
AC000374,train
AC000375,train
AC000376,validation
AC000377,train
AC000378,test
AC000379,train
AC000380,test
AC000381,test
AC000382,test
AC000383,train
AC000384,train
AC000385,validation
AC000386,train
AC000387,train
AC000388,train
AC000389,train
AC000390,train
AC000391,train
AC000392,train
AC000393,train
AC000394,train
AC000395,validation
AC000396,train
AC000397,train
AC000398,train
AC000399,train
AC000400,train
AC000401,test
AC000402,train
AC000403,test
AC000404,train
AC000405,test
AC000406,train
AC000407,test
AC000408,validation
AC000409,validation
AC000410,train
AC000411,test
AC000412,train
AC000413,test
AC000414,train
AC000415,train
AC000416,train
AC000417,train
AC000418,train
AC000419,train
AC000420,train
AC000421,validation
AC000422,train
AC000423,train
AC000424,train
AC000425,train
AC000426,train
AC000427,train
AC000428,train
AC000429,train
AC000430,train
AC000431,train
AC000432,train
AC000433,test
AC000434,train
AC000435,train
AC000436,validation
AC000437,test
AC000438,train
AC000439,train
AC000440,train
AC000441,validation
AC000442,test
AC000443,train
AC000444,train
AC000445,test
AC000446,train
AC000447,train
AC000448,train
AC000449,train
AC000450,train
AC000451,test
AC000452,validation
AC000453,test
AC000454,train
AC000455,train
AC000456,train
AC000457,train
AC000458,test
AC000459,train
AC000460,test
AC000461,train
AC000462,train
AC000463,train
AC000464,train
AC000465,validation
AC000466,train
AC000467,validation
AC000468,train
AC000469,train
AC000470,train
AC000471,validation
AC000472,train
AC000473,train
AC000474,train
AC000475,train
AC000476,train
AC000477,validation
AC000478,train
AC000479,train
AC000480,train
AC000481,train
AC000482,test
AC000483,validation
AC000484,test
AC000485,test
AC000486,train
AC000487,train
AC000488,train
AC000489,validation
AC000490,train
AC000491,train
AC000492,train
AC000493,train
AC000494,train
AC000495,train
AC000496,test
AC000497,train
AC000498,train
AC000499,train
AC000500,train
AC000501,train
AC000502,train
AC000503,train
AC000504,validation
AC000505,train
AC000506,train
AC000507,train
AC000508,train
AC000509,train
AC000510,train
AC000511,train
AC000512,train
AC000513,validation
AC000514,train
AC000515,test
AC000516,test
AC000517,test
AC000518,train
AC000519,train
AC000520,train
AC000521,train
AC000522,train
AC000523,train
AC000524,train
AC000525,validation
AC000526,train
AC000527,test
AC000528,validation
AC000529,train
AC000530,train
AC000531,validation
AC000532,validation
AC000533,validation
AC000534,test
AC000535,train
AC000536,train
AC000537,train
AC000538,train
AC000539,train
AC000540,test
AC000541,train
AC000542,train
AC000543,train
AC000544,train
AC000545,train
AC000546,train
AC000547,validation
AC000548,train
AC000549,train
AC000550,test
AC000551,train
AC000552,train
AC000553,test
AC000554,validation
AC000555,train
AC000556,train
AC000557,train
AC000558,test
AC000559,validation
AC000560,test
AC000561,train
AC000562,test
AC000563,train
AC000564,train
AC000565,test
AC000566,train
AC000567,train
AC000568,test
AC000569,train
AC000570,validation
AC000571,train
AC000572,train
AC000573,train
AC000574,test
AC000575,train
AC000576,test
AC000577,validation
AC000578,train
AC000579,train
AC000580,train
AC000581,validation
AC000582,train
AC000583,validation
AC000584,train
AC000585,train
AC000586,train
AC000587,train
AC000588,train
AC000589,train
AC000590,test
AC000591,train
AC000592,test
AC000593,test
AC000594,validation
AC000595,test
AC000596,train
AC000597,train
AC000598,train
AC000599,train
AC000600,validation
AC000601,train
AC000602,train
AC000603,validation
AC000604,train
AC000605,train
AC000606,train
AC000607,test
AC000608,test
AC000609,train
AC000610,train
AC000611,train
AC000612,validation
AC000613,train
AC000614,train
AC000615,train
AC000616,train
AC000617,validation
AC000618,train
AC000619,train
AC000620,train
AC000621,train
AC000622,train
AC000623,train
AC000624,validation
AC000625,test
AC000626,train
AC000627,train
AC000628,train
AC000629,train
AC000630,train
AC000631,train
AC000632,train
AC000633,test
AC000634,validation
AC000635,train
AC000636,validation
AC000637,train
AC000638,test
AC000639,train
AC000640,train
AC000641,train
AC000642,train
AC000643,train
AC000644,test
AC000645,train
AC000646,test
AC000647,train
AC000648,train
AC000649,train
AC000650,train
AC000651,train
AC000652,train
AC000653,train
AC000654,train
AC000655,train
AC000656,train
AC000657,train
AC000658,train
AC000659,train
AC000660,train
AC000661,test
AC000662,train
AC000663,train
AC000664,train
AC000665,train
AC000666,train
AC000667,test
AC000668,validation
AC000669,validation
AC000670,train
AC000671,train
AC000672,train
AC000673,train
AC000674,train
AC000675,train
AC000676,train
AC000677,train
AC000678,test
AC000679,train
AC000680,train
AC000681,train
AC000682,validation
AC000683,train
AC000684,train
AC000685,train
AC000686,test
AC000687,train
AC000688,train
AC000689,train
AC000690,train
AC000691,validation
AC000692,train
AC000693,train
AC000694,train
AC000695,train
AC000696,train
AC000697,train
AC000698,train
AC000699,train
AC000700,train
AC000701,train
AC000702,test
AC000703,test
AC000704,test
AC000705,train
AC000706,train
AC000707,train
AC000708,test
AC000709,train
AC000710,train
AC000711,validation
AC000712,train
AC000713,train
AC000714,train
AC000715,train
AC000716,train
AC000717,test
AC000718,train
AC000719,train
AC000720,train
AC000721,train
AC000722,train
AC000723,test
AC000724,validation
AC000725,validation
AC000726,train
AC000727,test
AC000728,train
AC000729,train
AC000730,train
AC000731,test
AC000732,train
AC000733,test
AC000734,train
AC000735,train
AC000736,validation
AC000737,validation
AC000738,train
AC000739,validation
AC000740,validation
AC000741,train
AC000742,validation
AC000743,train
AC000744,test
AC000745,validation
AC000746,validation
AC000747,validation
AC000748,test
AC000749,train
AC000750,validation
AC000751,train
AC000752,train
AC000753,train
AC000754,validation
AC000755,test
AC000756,train
AC000757,test
AC000758,train
AC000759,test
AC000760,validation
AC000761,train
AC000762,train
AC000763,train
AC000764,validation
AC000765,train
AC000766,train
AC000767,validation
AC000768,validation
AC000769,train
AC000770,train
AC000771,validation
AC000772,train
AC000773,train
AC000774,train
AC000775,train
AC000776,train
AC000777,train
AC000778,test
AC000779,test
AC000780,validation
AC000781,test
AC000782,validation
AC000783,test
AC000784,validation
AC000785,test
AC000786,validation
AC000787,train
AC000788,train
AC000789,train
AC000790,train
AC000791,train
AC000792,validation
AC000793,train
AC000794,train
AC000795,train
AC000796,test
AC000797,train
AC000798,test
AC000799,test
AC000800,validation
AC000801,train
AC000802,train
AC000803,train
AC000804,train
AC000805,train
AC000806,train
AC000807,train
AC000808,train
AC000809,train
AC000810,train
AC000811,train
AC000812,train
AC000813,train
AC000814,validation
AC000815,train
AC000816,train
AC000817,validation
AC000818,train
AC000819,test
AC000820,train
AC000821,train
AC000822,validation
AC000823,train
AC000824,train
AC000825,train
AC000826,train
AC000827,validation
AC000828,test
AC000829,train
AC000830,train
AC000831,train
AC000832,train
AC000833,test
AC000834,test
AC000835,train
AC000836,train
AC000837,train
AC000838,test
AC000839,train
AC000840,train
AC000841,validation
AC000842,train
AC000843,train
AC000844,test
AC000845,train
AC000846,validation
AC000847,train
AC000848,train
AC000849,train
AC000850,train
AC000851,train
AC000852,train
AC000853,train
AC000854,train
AC000855,test
AC000856,test
AC000857,test
AC000858,train
AC000859,test
AC000860,train
AC000861,train
AC000862,train
AC000863,validation
AC000864,train
AC000865,train
AC000866,train
AC000867,test
AC000868,test
AC000869,train
AC000870,validation
AC000871,train
AC000872,validation
AC000873,test
AC000874,train
AC000875,train
AC000876,test
AC000877,train
AC000878,train
AC000879,test
AC000880,test
AC000881,validation
AC000882,train
AC000883,train
AC000884,train
AC000885,train
AC000886,train
AC000887,test
AC000888,validation
AC000889,train
AC000890,train
AC000891,train
AC000892,test
AC000893,test
AC000894,test
AC000895,train
AC000896,validation
AC000897,validation
AC000898,train
AC000899,train
AC000900,train
AC000901,train
AC000902,train
AC000903,train
AC000904,train
AC000905,validation
AC000906,validation
AC000907,train
AC000908,train
AC000909,test
AC000910,train
AC000911,train
AC000912,validation
AC000913,train
AC000914,validation
AC000915,train
AC000916,test
AC000917,validation
AC000918,train
AC000919,train
AC000920,validation
AC000921,train
AC000922,train
AC000923,train
AC000924,test
AC000925,train
AC000926,train
AC000927,train
AC000928,test
AC000929,train
AC000930,train
AC000931,train
AC000932,validation
AC000933,train
AC000934,train
AC000935,train
AC000936,train
AC000937,test
AC000938,train
AC000939,train
AC000940,validation
AC000941,train
AC000942,train
AC000943,test
AC000944,test
AC000945,train
AC000946,test
AC000947,test
AC000948,train
AC000949,train
AC000950,train
AC000951,test
AC000952,train
AC000953,test
AC000954,train
AC000955,train
AC000956,train
AC000957,train
AC000958,train
AC000959,train
AC000960,train
AC000961,train
AC000962,train
AC000963,test
AC000964,train
AC000965,train
AC000966,train
AC000967,train
AC000968,train
AC000969,train
AC000970,train
AC000971,train
AC000972,test
AC000973,test
AC000974,validation
AC000975,validation
AC000976,train
AC000977,train
AC000978,train
AC000979,train
AC000980,validation
AC000981,train
AC000982,train
AC000983,train
AC000984,train
AC000985,train
AC000986,train
AC000987,test
AC000988,train
AC000989,train
AC000990,train
AC000991,train
AC000992,test
AC000993,train
AC000994,train
AC000995,validation
AC000996,train
AC000997,train
AC000998,train
AC000999,train
AC001000,train
AC001001,train
AC001002,test
AC001003,validation
AC001004,test
AC001005,train
AC001006,train
AC001007,train
AC001008,train
AC001009,train
AC001010,validation
AC001011,validation
AC001012,train
AC001013,train
AC001014,train
AC001015,train
AC001016,validation
AC001017,train
AC001018,validation
AC001019,train
AC001020,train
AC001021,validation
AC001022,train
AC001023,validation
AC001024,train
AC001025,train
AC001026,train
AC001027,test
AC001028,test
AC001029,test
AC001030,test
AC001031,train
AC001032,train
AC001033,train
AC001034,validation
AC001035,validation
AC001036,train
AC001037,train
AC001038,train
AC001039,test
AC001040,train
AC001041,validation
AC001042,test
AC001043,train
AC001044,train
AC001045,train
AC001046,validation
AC001047,train
AC001048,train
AC001049,train
AC001050,train
AC001051,train
AC001052,train
AC001053,train
AC001054,train
AC001055,train
AC001056,train
AC001057,train
AC001058,train
AC001059,validation
AC001060,train
AC001061,validation
AC001062,train
AC001063,train
AC001064,train
AC001065,train
AC001066,train
AC001067,validation
AC001068,test
AC001069,validation
AC001070,validation
AC001071,train
AC001072,train
AC001073,train
AC001074,train
AC001075,test
AC001076,train
AC001077,validation
AC001078,train
AC001079,train
AC001080,train
AC001081,train
AC001082,train
AC001083,train
AC001084,train
AC001085,train
AC001086,train
AC001087,train
AC001088,train
AC001089,train
AC001090,train
AC001091,test
AC001092,train
AC001093,train
AC001094,train
AC001095,train
AC001096,train
AC001097,train
AC001098,test
AC001099,train
AC001100,validation
AC001101,train
AC001102,train
AC001103,train
AC001104,train
AC001105,train
AC001106,train
AC001107,train
AC001108,validation
AC001109,train
AC001110,train
AC001111,train
AC001112,validation
AC001113,train
AC001114,validation
AC001115,train
AC001116,test
AC001117,test
AC001118,validation
AC001119,train
AC001120,train
AC001121,test
AC001122,test
AC001123,validation
AC001124,train
AC001125,validation
AC001126,validation
AC001127,test
AC001128,train
AC001129,train
AC001130,train
AC001131,train
AC001132,train
AC001133,train
AC001134,train
AC001135,train
AC001136,train
AC001137,train
AC001138,train
AC001139,test
AC001140,test
AC001141,train
AC001142,test
AC001143,train
AC001144,validation
AC001145,test
AC001146,train
AC001147,test
AC001148,train
AC001149,train
AC001150,train
AC001151,train
AC001152,validation
AC001153,train
AC001154,train
AC001155,train
AC001156,train
AC001157,train
AC001158,train
AC001159,train
AC001160,validation
AC001161,train
AC001162,train
AC001163,train
AC001164,test
AC001165,train
AC001166,test
AC001167,train
AC001168,train
AC001169,train
AC001170,train
AC001171,train
AC001172,train
AC001173,validation
AC001174,train
AC001175,train
AC001176,train
AC001177,validation
AC001178,validation
AC001179,test
AC001180,train
AC001181,train
AC001182,train
AC001183,train
AC001184,train
AC001185,train
AC001186,train
AC001187,train
AC001188,train
AC001189,validation
AC001190,train
AC001191,validation
AC001192,validation
AC001193,train
AC001194,test
AC001195,validation
AC001196,train
AC001197,train
AC001198,train
AC001199,validation
AC001200,train
AC001201,train
AC001202,test
AC001203,train
AC001204,train
AC001205,train
AC001206,validation
AC001207,validation
AC001208,train
AC001209,validation
AC001210,validation
AC001211,train
AC001212,train
AC001213,train
AC001214,train
AC001215,train
AC001216,train
AC001217,validation
AC001218,train
AC001219,train
AC001220,train
AC001221,test
AC001222,train
AC001223,validation
AC001224,train
AC001225,train
AC001226,train
AC001227,validation
AC001228,train
AC001229,train
AC001230,train
AC001231,train
AC001232,test
AC001233,train
AC001234,test
AC001235,train
AC001236,validation
AC001237,validation
AC001238,train
AC001239,train
AC001240,train
AC001241,train
AC001242,train
AC001243,train
AC001244,train
AC001245,test
AC001246,test
AC001247,test
AC001248,train
AC001249,train
AC001250,validation
AC001251,train
AC001252,test
AC001253,train
AC001254,validation
AC001255,validation
AC001256,test
AC001257,train
AC001258,train
AC001259,validation
AC001260,train
AC001261,test
AC001262,train
AC001263,train
AC001264,validation
AC001265,train
AC001266,train
AC001267,train
AC001268,validation
AC001269,train
AC001270,train
AC001271,test
AC001272,train
AC001273,train
AC001274,train
AC001275,train
AC001276,validation
AC001277,train
AC001278,test
AC001279,train
AC001280,train
AC001281,train
AC001282,validation
AC001283,train
AC001284,train
AC001285,train
AC001286,train
AC001287,validation
AC001288,train
AC001289,train
AC001290,train
AC001291,test
AC001292,train
AC001293,validation
AC001294,test
AC001295,test
AC001296,validation
AC001297,test
AC001298,train
AC001299,test
AC001300,test
AC001301,train
AC001302,train
AC001303,train
AC001304,test
AC001305,train
AC001306,train
AC001307,train
AC001308,train
AC001309,train
AC001310,train
AC001311,train
AC001312,train
AC001313,train
AC001314,validation
AC001315,validation
AC001316,train
AC001317,train
AC001318,train
AC001319,train
AC001320,train
AC001321,train
AC001322,train
AC001323,train
AC001324,train
AC001325,train
AC001326,train
AC001327,test
AC001328,train
AC001329,validation
AC001330,train
AC001331,validation
AC001332,validation
AC001333,test
AC001334,train
AC001335,train
AC001336,test
AC001337,test
AC001338,validation
AC001339,train
AC001340,test
AC001341,train
AC001342,validation
AC001343,validation
AC001344,train
AC001345,train
AC001346,test
AC001347,validation
AC001348,train
AC001349,validation
AC001350,train
AC001351,train
AC001352,train
AC001353,train
AC001354,validation
AC001355,train
AC001356,train
AC001357,validation
AC001358,train
AC001359,train
AC001360,train
AC001361,train
AC001362,test
AC001363,train
AC001364,train
AC001365,train
AC001366,validation
AC001367,train
AC001368,train
AC001369,validation
AC001370,train
AC001371,train
AC001372,train
AC001373,validation
AC001374,train
AC001375,train
AC001376,train
AC001377,train
AC001378,validation
AC001379,train
AC001380,validation
AC001381,train
AC001382,train
AC001383,train
AC001384,train
AC001385,train
AC001386,validation
AC001387,train
AC001388,train
AC001389,train
AC001390,train
AC001391,train
AC001392,train
AC001393,train
AC001394,validation
AC001395,validation
AC001396,train
AC001397,train
AC001398,validation
AC001399,train
AC001400,train
AC001401,train
AC001402,train
AC001403,train
AC001404,test
AC001405,train
AC001406,train
AC001407,train
AC001408,train
AC001409,train
AC001410,train
AC001411,train
AC001412,validation
AC001413,train
AC001414,train
AC001415,train
AC001416,train
AC001417,train
AC001418,validation
AC001419,validation
AC001420,train
AC001421,test
AC001422,train
AC001423,test
AC001424,train
AC001425,train
AC001426,train
AC001427,train
AC001428,test
AC001429,train
AC001430,test
AC001431,train
AC001432,validation
AC001433,train
AC001434,train
AC001435,train
AC001436,train
AC001437,train
AC001438,train
AC001439,validation
AC001440,train
AC001441,train
AC001442,train
AC001443,train
AC001444,test
AC001445,train
AC001446,train
AC001447,validation
AC001448,train
AC001449,test
AC001450,train
AC001451,train
AC001452,train
AC001453,train
AC001454,validation
AC001455,train
AC001456,train
AC001457,train
AC001458,train
AC001459,train
AC001460,train
AC001461,train
AC001462,train
AC001463,train
AC001464,train
AC001465,train
AC001466,train
AC001467,test
AC001468,train
AC001469,train
AC001470,train
AC001471,train
AC001472,train
AC001473,train
AC001474,train
AC001475,test
AC001476,train
AC001477,test
AC001478,test
AC001479,test
AC001480,test
AC001481,test
AC001482,train
AC001483,train
AC001484,train
AC001485,validation
AC001486,train
AC001487,train
AC001488,train
AC001489,train
AC001490,train
AC001491,train
AC001492,train
AC001493,train
AC001494,validation
AC001495,validation
AC001496,validation
AC001497,train
AC001498,train
AC001499,validation
AC001500,test
AC001501,train
AC001502,train
AC001503,test
AC001504,train
AC001505,train
AC001506,train
AC001507,train
AC001508,train
AC001509,train
AC001510,train
AC001511,train
AC001512,train
AC001513,test
AC001514,train
AC001515,train
AC001516,validation
AC001517,train
AC001518,validation
AC001519,train
AC001520,train
AC001521,validation
AC001522,train
AC001523,train
AC001524,validation
AC001525,validation
AC001526,validation
AC001527,train
AC001528,validation
AC001529,train
AC001530,train
AC001531,train
AC001532,validation
AC001533,train
AC001534,test
AC001535,train
AC001536,test
AC001537,train
AC001538,train
AC001539,train
AC001540,train
AC001541,validation
AC001542,train
AC001543,train
AC001544,train
AC001545,train
AC001546,train
AC001547,train
AC001548,train
AC001549,train
AC001550,test
AC001551,train
AC001552,train
AC001553,train
AC001554,validation
AC001555,train
AC001556,train
AC001557,train
AC001558,train
AC001559,train
AC001560,validation
AC001561,train
AC001562,train
AC001563,train
AC001564,train
AC001565,train
AC001566,train
AC001567,train
AC001568,train
AC001569,test
AC001570,test
AC001571,test
AC001572,test
AC001573,train
AC001574,train
AC001575,test
AC001576,train
AC001577,train
AC001578,train
AC001579,train
AC001580,train
AC001581,train
AC001582,test
AC001583,train
AC001584,train
AC001585,train
AC001586,train
AC001587,train
AC001588,train
AC001589,test
AC001590,validation
AC001591,train
AC001592,train
AC001593,train
AC001594,train
AC001595,test
AC001596,train
AC001597,train
AC001598,test
AC001599,train
AC001600,validation
AC001601,train
AC001602,train
AC001603,train
AC001604,train
AC001605,train
AC001606,train
AC001607,validation
AC001608,train
AC001609,train
AC001610,train
AC001611,train
AC001612,test
AC001613,validation
AC001614,train
AC001615,train
AC001616,train
AC001617,train
AC001618,test
AC001619,validation
AC001620,train
AC001621,test
AC001622,train
AC001623,train
AC001624,train
AC001625,validation
AC001626,train
AC001627,validation
AC001628,train
AC001629,train
AC001630,test
AC001631,train
AC001632,test
AC001633,test
AC001634,train
AC001635,train
AC001636,train
AC001637,test
AC001638,train
AC001639,test
AC001640,train
AC001641,test
AC001642,train
AC001643,test
AC001644,test
AC001645,train
AC001646,test
AC001647,test
AC001648,validation
AC001649,train
AC001650,train
AC001651,validation
AC001652,train
AC001653,test
AC001654,train
AC001655,train
AC001656,validation
AC001657,train
AC001658,train
AC001659,train
AC001660,validation
AC001661,train
AC001662,train
AC001663,train
AC001664,validation
AC001665,test
AC001666,train
AC001667,train
AC001668,test
AC001669,train
AC001670,train
AC001671,test
AC001672,validation
AC001673,train
AC001674,train
AC001675,train
AC001676,train
AC001677,train
AC001678,train
AC001679,train
AC001680,validation
AC001681,train
AC001682,test
AC001683,train
AC001684,test
AC001685,train
AC001686,train
AC001687,train
AC001688,test
AC001689,train
AC001690,train
AC001691,train
AC001692,test
AC001693,train
AC001694,test
AC001695,train
AC001696,train
AC001697,train
AC001698,train
AC001699,train
AC001700,validation
AC001701,train
AC001702,train
AC001703,train
AC001704,train
AC001705,train
AC001706,train
AC001707,train
AC001708,train
AC001709,test
AC001710,test
AC001711,train
AC001712,train
AC001713,train
AC001714,test
AC001715,test
AC001716,train
AC001717,train
AC001718,train
AC001719,train
AC001720,train
AC001721,train
AC001722,validation
AC001723,test
AC001724,train
AC001725,train
AC001726,train
AC001727,train
AC001728,train
AC001729,test
AC001730,train
AC001731,test
AC001732,train
AC001733,train
AC001734,test
AC001735,train
AC001736,validation
AC001737,test
AC001738,validation
AC001739,test
AC001740,train
AC001741,train
AC001742,train
AC001743,train
AC001744,validation
AC001745,train
AC001746,validation
AC001747,train
AC001748,train
AC001749,test
AC001750,validation
AC001751,test
AC001752,train
AC001753,validation
AC001754,train
AC001755,train
AC001756,validation
AC001757,train
AC001758,train
AC001759,train
AC001760,train
AC001761,train
AC001762,train
AC001763,test
AC001764,validation
AC001765,train
AC001766,train
AC001767,test
AC001768,validation
AC001769,train
AC001770,train
AC001771,train
AC001772,train
AC001773,train
AC001774,train
AC001775,validation
AC001776,train
AC001777,test
AC001778,test
AC001779,validation
AC001780,train
AC001781,train
AC001782,train
AC001783,train
AC001784,train
AC001785,train
AC001786,test
AC001787,train
AC001788,train
AC001789,train
AC001790,train
AC001791,train
AC001792,test
AC001793,train
AC001794,train
AC001795,train
AC001796,train
AC001797,train
AC001798,train
AC001799,train
AC001800,train
AC001801,train
AC001802,validation
AC001803,train
AC001804,train
AC001805,validation
AC001806,train
AC001807,validation
AC001808,train
AC001809,validation
AC001810,train
AC001811,train
AC001812,test
AC001813,train
AC001814,train
AC001815,train
AC001816,train
AC001817,train
AC001818,test
AC001819,train
AC001820,train
AC001821,train
AC001822,train
AC001823,train
AC001824,train
AC001825,train
AC001826,test
AC001827,train
AC001828,train
AC001829,train
AC001830,train
AC001831,train
AC001832,test
AC001833,train
AC001834,train
AC001835,train
AC001836,train
AC001837,validation
AC001838,train
AC001839,train
AC001840,validation
AC001841,train
AC001842,train
AC001843,validation
AC001844,train
AC001845,train
AC001846,test
AC001847,train
AC001848,train
AC001849,train
AC001850,test
AC001851,train
AC001852,train
AC001853,train
AC001854,train
AC001855,train
AC001856,train
AC001857,test
AC001858,test
AC001859,train
AC001860,train
AC001861,train
AC001862,validation
AC001863,validation
AC001864,train
AC001865,train
AC001866,train
AC001867,test
AC001868,validation
AC001869,train
AC001870,train
AC001871,validation
AC001872,train
AC001873,train
AC001874,train
AC001875,train
AC001876,test
AC001877,train
AC001878,train
AC001879,test
AC001880,validation
AC001881,test
AC001882,train
AC001883,train
AC001884,test
AC001885,train
AC001886,train
AC001887,train
AC001888,validation
AC001889,test
AC001890,train
AC001891,train
AC001892,train
AC001893,train
AC001894,test
AC001895,test
AC001896,test
AC001897,train
AC001898,train
AC001899,train
AC001900,train
AC001901,test
AC001902,test
AC001903,train
AC001904,train
AC001905,test
AC001906,train
AC001907,train
AC001908,test
AC001909,train
AC001910,train
AC001911,train
AC001912,validation
AC001913,train
AC001914,train
AC001915,train
AC001916,train
AC001917,train
AC001918,train
AC001919,validation
AC001920,validation
AC001921,test
AC001922,train
AC001923,train
AC001924,train
AC001925,validation
AC001926,train
AC001927,validation
AC001928,train
AC001929,train
AC001930,train
AC001931,train
AC001932,train
AC001933,train
AC001934,train
AC001935,test
AC001936,train
AC001937,validation
AC001938,validation
AC001939,validation
AC001940,validation
AC001941,test
AC001942,train
AC001943,validation
AC001944,train
AC001945,train
AC001946,train
AC001947,train
AC001948,train
AC001949,train
AC001950,test
AC001951,train
AC001952,train
AC001953,validation
AC001954,train
AC001955,train
AC001956,train
AC001957,train
AC001958,test
AC001959,train
AC001960,train
AC001961,validation
AC001962,validation
AC001963,train
AC001964,train
AC001965,train
AC001966,train
AC001967,train
AC001968,train
AC001969,test
AC001970,validation
AC001971,train
AC001972,train
AC001973,train
AC001974,train
AC001975,train
AC001976,train
AC001977,train
AC001978,train
AC001979,train
AC001980,train
AC001981,train
AC001982,train
AC001983,train
AC001984,train
AC001985,train
AC001986,train
AC001987,train
AC001988,train
AC001989,validation
AC001990,test
AC001991,train
AC001992,test
AC001993,test
AC001994,train
AC001995,train
AC001996,train
AC001997,train
AC001998,validation
AC001999,train
AC002000,train
AC002001,validation
AC002002,train
AC002003,train
AC002004,test
AC002005,validation
AC002006,train
AC002007,train
AC002008,train
AC002009,train
AC002010,train
AC002011,train
AC002012,train
AC002013,train
AC002014,train
AC002015,train
AC002016,train
AC002017,test
AC002018,train
AC002019,train
AC002020,train
AC002021,test
AC002022,train
AC002023,test
AC002024,validation
AC002025,test
AC002026,validation
AC002027,train
AC002028,train
AC002029,train
AC002030,train
AC002031,train
AC002032,train
AC002033,test
AC002034,validation
AC002035,train
AC002036,test
AC002037,validation
AC002038,train
AC002039,validation
AC002040,train
AC002041,validation
AC002042,train
AC002043,train
AC002044,train
AC002045,test
AC002046,train
AC002047,train
AC002048,test
AC002049,train
AC002050,train
AC002051,validation
AC002052,train
AC002053,test
AC002054,train
AC002055,test
AC002056,train
AC002057,train
AC002058,train
AC002059,validation
AC002060,train
AC002061,train
AC002062,train
AC002063,train
AC002064,train
AC002065,train
AC002066,test
AC002067,train
AC002068,train
AC002069,train
AC002070,train
AC002071,train
AC002072,train
AC002073,train
AC002074,train
AC002075,train
AC002076,validation
AC002077,validation
AC002078,train
AC002079,train
AC002080,validation
AC002081,train
AC002082,train
AC002083,train
AC002084,train
AC002085,train
AC002086,train
AC002087,test
AC002088,train
AC002089,validation
AC002090,validation
AC002091,train
AC002092,train
AC002093,train
AC002094,validation
AC002095,train
AC002096,train
AC002097,train
AC002098,train
AC002099,train
AC002100,train
AC002101,train
AC002102,train
AC002103,test
AC002104,train
AC002105,train
AC002106,validation
AC002107,train
AC002108,train
AC002109,train
AC002110,test
AC002111,train
AC002112,train
AC002113,train
AC002114,test
AC002115,train
AC002116,train
AC002117,train
AC002118,train
AC002119,train
AC002120,train
AC002121,train
AC002122,train
AC002123,train
AC002124,train
AC002125,train
AC002126,train
AC002127,train
AC002128,test
AC002129,test
AC002130,train
AC002131,validation
AC002132,test
AC002133,train
AC002134,train
AC002135,train
AC002136,train
AC002137,train
AC002138,validation
AC002139,test
AC002140,test
AC002141,validation
AC002142,train
AC002143,test
AC002144,validation
AC002145,train
AC002146,train
AC002147,train
AC002148,train
AC002149,train
AC002150,train
AC002151,test
AC002152,train
AC002153,train
AC002154,train
AC002155,train
AC002156,train
AC002157,train
AC002158,test
AC002159,train
AC002160,test
AC002161,train
AC002162,train
AC002163,train
AC002164,train
AC002165,validation
AC002166,train
AC002167,test
AC002168,train
AC002169,train
AC002170,validation
AC002171,train
AC002172,train
AC002173,test
AC002174,train
AC002175,train
AC002176,train
AC002177,train
AC002178,train
AC002179,train
AC002180,train
AC002181,train
AC002182,train
AC002183,train
AC002184,train
AC002185,validation
AC002186,train
AC002187,train
AC002188,validation
AC002189,train
AC002190,train
AC002191,train
AC002192,train
AC002193,train
AC002194,test
AC002195,validation
AC002196,train
AC002197,train
AC002198,train
AC002199,validation
AC002200,train
AC002201,train
AC002202,test
AC002203,test
AC002204,validation
AC002205,train
AC002206,train
AC002207,validation
AC002208,validation
AC002209,train
AC002210,train
AC002211,train
AC002212,test
AC002213,train
AC002214,train
AC002215,validation
AC002216,train
AC002217,train
AC002218,train
AC002219,test
AC002220,validation
AC002221,validation
AC002222,train
AC002223,test
AC002224,train
AC002225,test
AC002226,train
AC002227,train
AC002228,train
AC002229,test
AC002230,train
AC002231,train
AC002232,train
AC002233,train
AC002234,train
AC002235,train
AC002236,train
AC002237,train
AC002238,train
AC002239,train
AC002240,test
AC002241,train
AC002242,test
AC002243,test
AC002244,train
AC002245,train
AC002246,train
AC002247,train
AC002248,train
AC002249,train
AC002250,train
AC002251,validation
AC002252,train
AC002253,train
AC002254,train
AC002255,train
AC002256,train
AC002257,validation
AC002258,train
AC002259,train
AC002260,train
AC002261,train
AC002262,train
AC002263,train
AC002264,train
AC002265,train
AC002266,train
AC002267,test
AC002268,train
AC002269,train
AC002270,train
AC002271,train
AC002272,train
AC002273,train
AC002274,train
AC002275,train
AC002276,validation
AC002277,train
AC002278,test
AC002279,train
AC002280,train
AC002281,train
AC002282,train
AC002283,validation
AC002284,train
AC002285,train
AC002286,train
AC002287,validation
AC002288,train
AC002289,train
AC002290,train
AC002291,validation
AC002292,train
AC002293,train
AC002294,train
AC002295,validation
AC002296,train
AC002297,train
AC002298,train
AC002299,train
AC002300,train
AC002301,train
AC002302,train
AC002303,train
AC002304,train
AC002305,validation
AC002306,train
AC002307,train
AC002308,train
AC002309,train
AC002310,train
AC002311,train
AC002312,train
AC002313,train
AC002314,train
AC002315,train
AC002316,train
AC002317,train
AC002318,train
AC002319,test
AC002320,test
AC002321,test
AC002322,validation
AC002323,train
AC002324,train
AC002325,train
AC002326,train
AC002327,train
AC002328,train
AC002329,train
AC002330,train
AC002331,train
AC002332,validation
AC002333,train
AC002334,test
AC002335,train
AC002336,train
AC002337,train
AC002338,train
AC002339,train
AC002340,train
AC002341,validation
AC002342,train
AC002343,test
AC002344,test
AC002345,train
AC002346,train
AC002347,test
AC002348,validation
AC002349,train
AC002350,test
AC002351,validation
AC002352,test
AC002353,train
AC002354,train
AC002355,validation
AC002356,train
AC002357,train
AC002358,train
AC002359,train
AC002360,train
AC002361,train
AC002362,test
AC002363,train
AC002364,train
AC002365,train
AC002366,train
AC002367,test
AC002368,test
AC002369,train
AC002370,train
AC002371,test
AC002372,train
AC002373,validation
AC002374,test
AC002375,train
AC002376,train
AC002377,train
AC002378,train
AC002379,train
AC002380,validation
AC002381,train
AC002382,validation
AC002383,train
AC002384,test
AC002385,train
AC002386,train
AC002387,train
AC002388,train
AC002389,train
AC002390,train
AC002391,train
AC002392,train
AC002393,test
AC002394,train
AC002395,train
AC002396,train
AC002397,test
AC002398,train
AC002399,train
AC002400,test
